-- ================================================================
-- Complexo Escolar Tarimba III — Sistema de Presenças
-- Database: MySQL 8 / MariaDB 10.6+
-- Generated automatically — do not edit manually
-- ================================================================

CREATE DATABASE IF NOT EXISTS tarimba3
  CHARACTER SET utf8mb4 COLLATE utf8mb4_unicode_ci;
USE tarimba3;

SET FOREIGN_KEY_CHECKS = 0;

-- ── professores ────────────────────────────────────────────────
CREATE TABLE IF NOT EXISTS professores (
  id            INT          NOT NULL AUTO_INCREMENT,
  nome_completo VARCHAR(120) NOT NULL,
  email         VARCHAR(120) NOT NULL,
  telefone      VARCHAR(30)  NOT NULL DEFAULT '',
  ativo         TINYINT(1)   NOT NULL DEFAULT 1,
  criado_em     DATETIME     NOT NULL DEFAULT CURRENT_TIMESTAMP,
  PRIMARY KEY (id),
  UNIQUE KEY uq_email (email)
) ENGINE=InnoDB DEFAULT CHARSET=utf8mb4;

-- ── turmas ─────────────────────────────────────────────────────
CREATE TABLE IF NOT EXISTS turmas (
  id                VARCHAR(6)  NOT NULL,
  sala              TINYINT     NOT NULL,
  turno             VARCHAR(5)  NOT NULL COMMENT 'Manha|Tarde',
  classe            TINYINT     NOT NULL,
  curso             VARCHAR(3)  NULL     COMMENT 'CG|IG|CEJ|CFB',
  director_turma_id INT         NULL,
  PRIMARY KEY (id),
  FOREIGN KEY (director_turma_id) REFERENCES professores(id) ON DELETE SET NULL
) ENGINE=InnoDB DEFAULT CHARSET=utf8mb4;

-- ── disciplinas ────────────────────────────────────────────────
CREATE TABLE IF NOT EXISTS disciplinas (
  id            INT          NOT NULL AUTO_INCREMENT,
  nome          VARCHAR(100) NOT NULL,
  classe_minima TINYINT      NOT NULL DEFAULT 1,
  classe_maxima TINYINT      NOT NULL DEFAULT 13,
  curso         VARCHAR(3)   NULL     COMMENT 'CG|IG|CEJ|CFB|NULL=transversal',
  PRIMARY KEY (id)
) ENGINE=InnoDB DEFAULT CHARSET=utf8mb4;

-- ── alunos ─────────────────────────────────────────────────────
CREATE TABLE IF NOT EXISTS alunos (
  id               INT          NOT NULL AUTO_INCREMENT,
  numero_processo  VARCHAR(20)  NOT NULL,
  nome_completo    VARCHAR(120) NOT NULL,
  sexo             CHAR(1)      NOT NULL COMMENT 'M|F',
  data_nascimento  DATE         NOT NULL,
  turma_id         VARCHAR(6)   NOT NULL,
  classe           VARCHAR(15)  NOT NULL,
  ativo            TINYINT(1)   NOT NULL DEFAULT 1,
  qr_token         VARCHAR(20)  NOT NULL COMMENT 'equals numero_processo — used in QR URL',
  criado_em        DATETIME     NOT NULL DEFAULT CURRENT_TIMESTAMP,
  PRIMARY KEY (id),
  UNIQUE KEY uq_numero_processo (numero_processo),
  UNIQUE KEY uq_qr_token (qr_token),
  FOREIGN KEY (turma_id) REFERENCES turmas(id)
) ENGINE=InnoDB DEFAULT CHARSET=utf8mb4;

-- ── atribuicoes_disciplinas ────────────────────────────────────
CREATE TABLE IF NOT EXISTS atribuicoes_disciplinas (
  id            INT        NOT NULL AUTO_INCREMENT,
  turma_id      VARCHAR(6) NOT NULL,
  disciplina_id INT        NOT NULL,
  professor_id  INT        NOT NULL,
  PRIMARY KEY (id),
  UNIQUE KEY uq_atrib (turma_id, disciplina_id),
  FOREIGN KEY (turma_id)      REFERENCES turmas(id),
  FOREIGN KEY (disciplina_id) REFERENCES disciplinas(id),
  FOREIGN KEY (professor_id)  REFERENCES professores(id)
) ENGINE=InnoDB DEFAULT CHARSET=utf8mb4;

-- ── horarios ───────────────────────────────────────────────────
CREATE TABLE IF NOT EXISTS horarios (
  id            INT        NOT NULL AUTO_INCREMENT,
  turma_id      VARCHAR(6) NOT NULL,
  disciplina_id INT        NOT NULL,
  dia_semana    TINYINT    NOT NULL COMMENT '1=Seg 2=Ter 3=Qua 4=Qui 5=Sex',
  aula          TINYINT    NOT NULL COMMENT '1..6',
  PRIMARY KEY (id),
  UNIQUE KEY uq_slot (turma_id, dia_semana, aula),
  FOREIGN KEY (turma_id)      REFERENCES turmas(id),
  FOREIGN KEY (disciplina_id) REFERENCES disciplinas(id)
) ENGINE=InnoDB DEFAULT CHARSET=utf8mb4;

-- ── presencas ──────────────────────────────────────────────────
CREATE TABLE IF NOT EXISTS presencas (
  id            INT          NOT NULL AUTO_INCREMENT,
  aluno_id      INT          NOT NULL,
  turma_id      VARCHAR(6)   NOT NULL,
  disciplina_id INT          NOT NULL,
  data          DATE         NOT NULL,
  aula          TINYINT      NULL COMMENT 'slot 1-6; NULL = unknown',
  status        VARCHAR(12)  NOT NULL DEFAULT 'Presente' COMMENT 'Presente|Falta|Justificada',
  observacao    VARCHAR(255) NULL,
  registado_em  DATETIME     NOT NULL DEFAULT CURRENT_TIMESTAMP,
  ip_origem     VARCHAR(45)  NULL COMMENT 'IP of QR scan',
  PRIMARY KEY (id),
  UNIQUE KEY uq_presenca (aluno_id, disciplina_id, data, aula),
  FOREIGN KEY (aluno_id)      REFERENCES alunos(id),
  FOREIGN KEY (turma_id)      REFERENCES turmas(id),
  FOREIGN KEY (disciplina_id) REFERENCES disciplinas(id)
) ENGINE=InnoDB DEFAULT CHARSET=utf8mb4;

SET FOREIGN_KEY_CHECKS = 1;

-- ── INSERT professores ─────────────────────────────────────────
INSERT INTO professores (id, nome_completo, email, telefone, ativo) VALUES (1, 'Maria José Santos', 'mjsantos@tarimba3.ao', '+244 923 001 001', 1);
INSERT INTO professores (id, nome_completo, email, telefone, ativo) VALUES (2, 'Carlos Alberto Silva', 'casilva@tarimba3.ao', '+244 923 002 002', 1);
INSERT INTO professores (id, nome_completo, email, telefone, ativo) VALUES (3, 'Ana Paula Rodrigues', 'aprodrigues@tarimba3.ao', '+244 923 003 003', 1);
INSERT INTO professores (id, nome_completo, email, telefone, ativo) VALUES (4, 'João Miguel Pereira', 'jmpereira@tarimba3.ao', '+244 923 004 004', 1);
INSERT INTO professores (id, nome_completo, email, telefone, ativo) VALUES (5, 'Fernanda Costa Lima', 'fclima@tarimba3.ao', '+244 923 005 005', 1);
INSERT INTO professores (id, nome_completo, email, telefone, ativo) VALUES (6, 'Pedro Henrique Alves', 'phalves@tarimba3.ao', '+244 923 006 006', 1);
INSERT INTO professores (id, nome_completo, email, telefone, ativo) VALUES (7, 'Sofia Isabel Nunes', 'sinunes@tarimba3.ao', '+244 923 007 007', 1);
INSERT INTO professores (id, nome_completo, email, telefone, ativo) VALUES (8, 'Manuel Augusto Correia', 'macorreia@tarimba3.ao', '+244 923 008 008', 1);
INSERT INTO professores (id, nome_completo, email, telefone, ativo) VALUES (9, 'Rosa Maria Tavares', 'rmtavares@tarimba3.ao', '+244 923 009 009', 1);
INSERT INTO professores (id, nome_completo, email, telefone, ativo) VALUES (10, 'António Manuel Ferreira', 'amferreira@tarimba3.ao', '+244 923 010 010', 1);

-- ── INSERT turmas ──────────────────────────────────────────────
INSERT INTO turmas (id, sala, turno, classe, curso, director_turma_id) VALUES ('S01M', 1, 'Manha', 1, NULL, 1);
INSERT INTO turmas (id, sala, turno, classe, curso, director_turma_id) VALUES ('S01T', 1, 'Tarde', 1, NULL, NULL);
INSERT INTO turmas (id, sala, turno, classe, curso, director_turma_id) VALUES ('S02M', 2, 'Manha', 2, NULL, 2);
INSERT INTO turmas (id, sala, turno, classe, curso, director_turma_id) VALUES ('S02T', 2, 'Tarde', 2, NULL, NULL);
INSERT INTO turmas (id, sala, turno, classe, curso, director_turma_id) VALUES ('S03M', 3, 'Manha', 3, NULL, 3);
INSERT INTO turmas (id, sala, turno, classe, curso, director_turma_id) VALUES ('S03T', 3, 'Tarde', 3, NULL, NULL);
INSERT INTO turmas (id, sala, turno, classe, curso, director_turma_id) VALUES ('S04M', 4, 'Manha', 4, NULL, 4);
INSERT INTO turmas (id, sala, turno, classe, curso, director_turma_id) VALUES ('S04T', 4, 'Tarde', 4, NULL, NULL);
INSERT INTO turmas (id, sala, turno, classe, curso, director_turma_id) VALUES ('S05M', 5, 'Manha', 5, NULL, 5);
INSERT INTO turmas (id, sala, turno, classe, curso, director_turma_id) VALUES ('S05T', 5, 'Tarde', 5, NULL, NULL);
INSERT INTO turmas (id, sala, turno, classe, curso, director_turma_id) VALUES ('S06M', 6, 'Manha', 6, NULL, 6);
INSERT INTO turmas (id, sala, turno, classe, curso, director_turma_id) VALUES ('S06T', 6, 'Tarde', 6, NULL, NULL);
INSERT INTO turmas (id, sala, turno, classe, curso, director_turma_id) VALUES ('S07M', 7, 'Manha', 7, NULL, 7);
INSERT INTO turmas (id, sala, turno, classe, curso, director_turma_id) VALUES ('S07T', 7, 'Tarde', 7, NULL, NULL);
INSERT INTO turmas (id, sala, turno, classe, curso, director_turma_id) VALUES ('S08M', 8, 'Manha', 8, NULL, 8);
INSERT INTO turmas (id, sala, turno, classe, curso, director_turma_id) VALUES ('S08T', 8, 'Tarde', 8, NULL, NULL);
INSERT INTO turmas (id, sala, turno, classe, curso, director_turma_id) VALUES ('S09M', 9, 'Manha', 9, NULL, 9);
INSERT INTO turmas (id, sala, turno, classe, curso, director_turma_id) VALUES ('S09T', 9, 'Tarde', 9, NULL, NULL);
INSERT INTO turmas (id, sala, turno, classe, curso, director_turma_id) VALUES ('S10M', 10, 'Manha', 10, 'CG', 10);
INSERT INTO turmas (id, sala, turno, classe, curso, director_turma_id) VALUES ('S10T', 10, 'Tarde', 10, 'IG', NULL);
INSERT INTO turmas (id, sala, turno, classe, curso, director_turma_id) VALUES ('S11M', 11, 'Manha', 11, 'CEJ', NULL);
INSERT INTO turmas (id, sala, turno, classe, curso, director_turma_id) VALUES ('S11T', 11, 'Tarde', 11, 'CFB', NULL);
INSERT INTO turmas (id, sala, turno, classe, curso, director_turma_id) VALUES ('S12M', 12, 'Manha', 12, 'CG', NULL);
INSERT INTO turmas (id, sala, turno, classe, curso, director_turma_id) VALUES ('S12T', 12, 'Tarde', 13, 'IG', NULL);

-- ── INSERT disciplinas ─────────────────────────────────────────
INSERT INTO disciplinas (id, nome, classe_minima, classe_maxima, curso) VALUES (1, 'Língua Portuguesa', 1, 12, NULL);
INSERT INTO disciplinas (id, nome, classe_minima, classe_maxima, curso) VALUES (2, 'Matemática', 1, 12, NULL);
INSERT INTO disciplinas (id, nome, classe_minima, classe_maxima, curso) VALUES (3, 'Educação Física', 1, 12, NULL);
INSERT INTO disciplinas (id, nome, classe_minima, classe_maxima, curso) VALUES (4, 'Estudo do Meio', 1, 4, NULL);
INSERT INTO disciplinas (id, nome, classe_minima, classe_maxima, curso) VALUES (5, 'Educação Manual e Plástica', 1, 6, NULL);
INSERT INTO disciplinas (id, nome, classe_minima, classe_maxima, curso) VALUES (6, 'Educação Musical', 1, 6, NULL);
INSERT INTO disciplinas (id, nome, classe_minima, classe_maxima, curso) VALUES (7, 'Ciências da Natureza', 5, 6, NULL);
INSERT INTO disciplinas (id, nome, classe_minima, classe_maxima, curso) VALUES (8, 'Educação Visual e Plástica', 5, 9, NULL);
INSERT INTO disciplinas (id, nome, classe_minima, classe_maxima, curso) VALUES (9, 'Educação Moral e Cívica', 5, 9, NULL);
INSERT INTO disciplinas (id, nome, classe_minima, classe_maxima, curso) VALUES (10, 'História', 5, 9, NULL);
INSERT INTO disciplinas (id, nome, classe_minima, classe_maxima, curso) VALUES (11, 'Geografia', 5, 9, NULL);
INSERT INTO disciplinas (id, nome, classe_minima, classe_maxima, curso) VALUES (12, 'Língua Estrangeira', 7, 12, NULL);
INSERT INTO disciplinas (id, nome, classe_minima, classe_maxima, curso) VALUES (13, 'Física', 7, 9, NULL);
INSERT INTO disciplinas (id, nome, classe_minima, classe_maxima, curso) VALUES (14, 'Química', 7, 9, NULL);
INSERT INTO disciplinas (id, nome, classe_minima, classe_maxima, curso) VALUES (15, 'Biologia', 7, 9, NULL);
INSERT INTO disciplinas (id, nome, classe_minima, classe_maxima, curso) VALUES (16, 'História', 10, 12, 'CEJ');
INSERT INTO disciplinas (id, nome, classe_minima, classe_maxima, curso) VALUES (17, 'Geografia', 10, 12, 'CEJ');
INSERT INTO disciplinas (id, nome, classe_minima, classe_maxima, curso) VALUES (18, 'Introdução ao Direito', 10, 12, 'CEJ');
INSERT INTO disciplinas (id, nome, classe_minima, classe_maxima, curso) VALUES (19, 'Introdução à Economia', 10, 12, 'CEJ');
INSERT INTO disciplinas (id, nome, classe_minima, classe_maxima, curso) VALUES (20, 'Psicologia', 10, 12, 'CEJ');
INSERT INTO disciplinas (id, nome, classe_minima, classe_maxima, curso) VALUES (21, 'Sociologia', 10, 12, 'CEJ');
INSERT INTO disciplinas (id, nome, classe_minima, classe_maxima, curso) VALUES (22, 'Informática', 10, 12, 'CEJ');
INSERT INTO disciplinas (id, nome, classe_minima, classe_maxima, curso) VALUES (23, 'Filosofia', 10, 12, 'CEJ');
INSERT INTO disciplinas (id, nome, classe_minima, classe_maxima, curso) VALUES (24, 'Física', 10, 12, 'CFB');
INSERT INTO disciplinas (id, nome, classe_minima, classe_maxima, curso) VALUES (25, 'Química', 10, 12, 'CFB');
INSERT INTO disciplinas (id, nome, classe_minima, classe_maxima, curso) VALUES (26, 'Biologia', 10, 12, 'CFB');
INSERT INTO disciplinas (id, nome, classe_minima, classe_maxima, curso) VALUES (27, 'Geologia', 10, 12, 'CFB');
INSERT INTO disciplinas (id, nome, classe_minima, classe_maxima, curso) VALUES (28, 'Geometria Descritiva', 10, 12, 'CFB');
INSERT INTO disciplinas (id, nome, classe_minima, classe_maxima, curso) VALUES (29, 'Informática', 10, 12, 'CFB');
INSERT INTO disciplinas (id, nome, classe_minima, classe_maxima, curso) VALUES (30, 'Filosofia', 10, 12, 'CFB');
INSERT INTO disciplinas (id, nome, classe_minima, classe_maxima, curso) VALUES (31, 'Física', 10, 12, 'IG');
INSERT INTO disciplinas (id, nome, classe_minima, classe_maxima, curso) VALUES (32, 'Empreendedorismo', 10, 12, 'IG');
INSERT INTO disciplinas (id, nome, classe_minima, classe_maxima, curso) VALUES (33, 'Introdução à Programação', 10, 10, 'IG');
INSERT INTO disciplinas (id, nome, classe_minima, classe_maxima, curso) VALUES (34, 'Arquitectura de Computadores', 10, 10, 'IG');
INSERT INTO disciplinas (id, nome, classe_minima, classe_maxima, curso) VALUES (35, 'Sistemas Operativos', 10, 10, 'IG');
INSERT INTO disciplinas (id, nome, classe_minima, classe_maxima, curso) VALUES (36, 'Organização e Gestão de Empresas', 10, 11, 'IG');
INSERT INTO disciplinas (id, nome, classe_minima, classe_maxima, curso) VALUES (37, 'Contabilidade Geral', 10, 10, 'IG');
INSERT INTO disciplinas (id, nome, classe_minima, classe_maxima, curso) VALUES (38, 'Programação', 11, 11, 'IG');
INSERT INTO disciplinas (id, nome, classe_minima, classe_maxima, curso) VALUES (39, 'Redes de Computadores', 11, 12, 'IG');
INSERT INTO disciplinas (id, nome, classe_minima, classe_maxima, curso) VALUES (40, 'Tecnologias de Informação e Comunicação', 11, 11, 'IG');
INSERT INTO disciplinas (id, nome, classe_minima, classe_maxima, curso) VALUES (41, 'Sistemas de Informação / Bases de Dados', 11, 12, 'IG');
INSERT INTO disciplinas (id, nome, classe_minima, classe_maxima, curso) VALUES (42, 'Contabilidade Analítica', 11, 11, 'IG');
INSERT INTO disciplinas (id, nome, classe_minima, classe_maxima, curso) VALUES (43, 'Programação Avançada', 12, 12, 'IG');
INSERT INTO disciplinas (id, nome, classe_minima, classe_maxima, curso) VALUES (44, 'Projecto Tecnológico', 12, 13, 'IG');
INSERT INTO disciplinas (id, nome, classe_minima, classe_maxima, curso) VALUES (45, 'Práticas Oficinais / FCT', 13, 13, 'IG');
INSERT INTO disciplinas (id, nome, classe_minima, classe_maxima, curso) VALUES (46, 'Informática', 10, 12, 'CG');
INSERT INTO disciplinas (id, nome, classe_minima, classe_maxima, curso) VALUES (47, 'Empreendedorismo', 10, 12, 'CG');
INSERT INTO disciplinas (id, nome, classe_minima, classe_maxima, curso) VALUES (48, 'Organização e Gestão de Empresas', 10, 11, 'CG');
INSERT INTO disciplinas (id, nome, classe_minima, classe_maxima, curso) VALUES (49, 'Contabilidade Geral', 10, 10, 'CG');
INSERT INTO disciplinas (id, nome, classe_minima, classe_maxima, curso) VALUES (50, 'Direito Comercial', 10, 10, 'CG');
INSERT INTO disciplinas (id, nome, classe_minima, classe_maxima, curso) VALUES (51, 'Estatística', 10, 10, 'CG');
INSERT INTO disciplinas (id, nome, classe_minima, classe_maxima, curso) VALUES (52, 'Contabilidade Analítica', 11, 11, 'CG');
INSERT INTO disciplinas (id, nome, classe_minima, classe_maxima, curso) VALUES (53, 'Cálculo Financeiro', 11, 12, 'CG');
INSERT INTO disciplinas (id, nome, classe_minima, classe_maxima, curso) VALUES (54, 'Direito Laboral', 11, 11, 'CG');
INSERT INTO disciplinas (id, nome, classe_minima, classe_maxima, curso) VALUES (55, 'Fiscalidade', 11, 12, 'CG');
INSERT INTO disciplinas (id, nome, classe_minima, classe_maxima, curso) VALUES (56, 'Contabilidade Pública / Bancária', 12, 12, 'CG');
INSERT INTO disciplinas (id, nome, classe_minima, classe_maxima, curso) VALUES (57, 'Projecto Tecnológico', 12, 13, 'CG');
INSERT INTO disciplinas (id, nome, classe_minima, classe_maxima, curso) VALUES (58, 'Práticas Profissionais / FCT', 13, 13, 'CG');

-- ── INSERT alunos ──────────────────────────────────────────────
INSERT INTO alunos (id, numero_processo, nome_completo, sexo, data_nascimento, turma_id, classe, ativo, qr_token) VALUES (1, 'TP2026001', 'Ana Beatriz Silva Cardoso', 'F', '2016-03-15', 'S01M', '1ª Classe', 1, 'TP2026001');
INSERT INTO alunos (id, numero_processo, nome_completo, sexo, data_nascimento, turma_id, classe, ativo, qr_token) VALUES (2, 'TP2026002', 'Carlos Eduardo Mendes', 'M', '2016-07-22', 'S01M', '1ª Classe', 1, 'TP2026002');
INSERT INTO alunos (id, numero_processo, nome_completo, sexo, data_nascimento, turma_id, classe, ativo, qr_token) VALUES (3, 'TP2026003', 'Fernanda Lopes Neto', 'F', '2016-01-08', 'S01M', '1ª Classe', 1, 'TP2026003');
INSERT INTO alunos (id, numero_processo, nome_completo, sexo, data_nascimento, turma_id, classe, ativo, qr_token) VALUES (4, 'TP2026004', 'Gustavo Almeida Santos', 'M', '2016-09-30', 'S01M', '1ª Classe', 1, 'TP2026004');
INSERT INTO alunos (id, numero_processo, nome_completo, sexo, data_nascimento, turma_id, classe, ativo, qr_token) VALUES (5, 'TP2026005', 'Helena Rodrigues Ferreira', 'F', '2016-05-14', 'S01M', '1ª Classe', 1, 'TP2026005');
INSERT INTO alunos (id, numero_processo, nome_completo, sexo, data_nascimento, turma_id, classe, ativo, qr_token) VALUES (6, 'TP2026006', 'Igor Tavares Pereira', 'M', '2016-11-02', 'S01M', '1ª Classe', 1, 'TP2026006');
INSERT INTO alunos (id, numero_processo, nome_completo, sexo, data_nascimento, turma_id, classe, ativo, qr_token) VALUES (7, 'TP2026007', 'Júlia Nascimento Costa', 'F', '2016-04-19', 'S01M', '1ª Classe', 1, 'TP2026007');
INSERT INTO alunos (id, numero_processo, nome_completo, sexo, data_nascimento, turma_id, classe, ativo, qr_token) VALUES (8, 'TP2026008', 'Kevin Barbosa Lima', 'M', '2016-08-07', 'S01M', '1ª Classe', 1, 'TP2026008');
INSERT INTO alunos (id, numero_processo, nome_completo, sexo, data_nascimento, turma_id, classe, ativo, qr_token) VALUES (9, 'TP2026009', 'Lara Moreira Cunha', 'F', '2016-02-11', 'S01T', '1ª Classe', 1, 'TP2026009');
INSERT INTO alunos (id, numero_processo, nome_completo, sexo, data_nascimento, turma_id, classe, ativo, qr_token) VALUES (10, 'TP2026010', 'Mateus Oliveira Braga', 'M', '2016-06-28', 'S01T', '1ª Classe', 1, 'TP2026010');
INSERT INTO alunos (id, numero_processo, nome_completo, sexo, data_nascimento, turma_id, classe, ativo, qr_token) VALUES (11, 'TP2026011', 'Natália Correia Souza', 'F', '2015-10-01', 'S02M', '2ª Classe', 1, 'TP2026011');
INSERT INTO alunos (id, numero_processo, nome_completo, sexo, data_nascimento, turma_id, classe, ativo, qr_token) VALUES (12, 'TP2026012', 'Otávio Pinto Marques', 'M', '2015-03-28', 'S02M', '2ª Classe', 1, 'TP2026012');
INSERT INTO alunos (id, numero_processo, nome_completo, sexo, data_nascimento, turma_id, classe, ativo, qr_token) VALUES (13, 'TP2026013', 'Patricia Moreira Dias', 'F', '2015-07-16', 'S02M', '2ª Classe', 1, 'TP2026013');
INSERT INTO alunos (id, numero_processo, nome_completo, sexo, data_nascimento, turma_id, classe, ativo, qr_token) VALUES (14, 'TP2026014', 'Rafael Cardoso Nunes', 'M', '2015-12-09', 'S02M', '2ª Classe', 1, 'TP2026014');
INSERT INTO alunos (id, numero_processo, nome_completo, sexo, data_nascimento, turma_id, classe, ativo, qr_token) VALUES (15, 'TP2026015', 'Sabrina Fonseca Torres', 'F', '2015-02-20', 'S02M', '2ª Classe', 1, 'TP2026015');
INSERT INTO alunos (id, numero_processo, nome_completo, sexo, data_nascimento, turma_id, classe, ativo, qr_token) VALUES (16, 'TP2026016', 'Thiago Cunha Rezende', 'M', '2015-05-03', 'S02T', '2ª Classe', 1, 'TP2026016');
INSERT INTO alunos (id, numero_processo, nome_completo, sexo, data_nascimento, turma_id, classe, ativo, qr_token) VALUES (17, 'TP2026017', 'Ursula Freitas Magalhães', 'F', '2015-09-11', 'S02T', '2ª Classe', 1, 'TP2026017');
INSERT INTO alunos (id, numero_processo, nome_completo, sexo, data_nascimento, turma_id, classe, ativo, qr_token) VALUES (18, 'TP2026018', 'Vitor Hugo Campos', 'M', '2014-02-14', 'S03M', '3ª Classe', 1, 'TP2026018');
INSERT INTO alunos (id, numero_processo, nome_completo, sexo, data_nascimento, turma_id, classe, ativo, qr_token) VALUES (19, 'TP2026019', 'Wanda Borges Esteves', 'F', '2014-06-27', 'S03M', '3ª Classe', 1, 'TP2026019');
INSERT INTO alunos (id, numero_processo, nome_completo, sexo, data_nascimento, turma_id, classe, ativo, qr_token) VALUES (20, 'TP2026020', 'Xavier Antunes Melo', 'M', '2014-10-05', 'S03M', '3ª Classe', 1, 'TP2026020');
INSERT INTO alunos (id, numero_processo, nome_completo, sexo, data_nascimento, turma_id, classe, ativo, qr_token) VALUES (21, 'TP2026021', 'Yasmin Carvalho Braga', 'F', '2014-03-17', 'S03M', '3ª Classe', 1, 'TP2026021');
INSERT INTO alunos (id, numero_processo, nome_completo, sexo, data_nascimento, turma_id, classe, ativo, qr_token) VALUES (22, 'TP2026022', 'Zeno Ribeiro Monteiro', 'M', '2014-07-29', 'S03T', '3ª Classe', 1, 'TP2026022');
INSERT INTO alunos (id, numero_processo, nome_completo, sexo, data_nascimento, turma_id, classe, ativo, qr_token) VALUES (23, 'TP2026023', 'Alice Teixeira Barreto', 'F', '2014-11-08', 'S03T', '3ª Classe', 1, 'TP2026023');
INSERT INTO alunos (id, numero_processo, nome_completo, sexo, data_nascimento, turma_id, classe, ativo, qr_token) VALUES (24, 'TP2026024', 'Bruno Azevedo Machado', 'M', '2013-04-21', 'S04M', '4ª Classe', 1, 'TP2026024');
INSERT INTO alunos (id, numero_processo, nome_completo, sexo, data_nascimento, turma_id, classe, ativo, qr_token) VALUES (25, 'TP2026025', 'Camila Nogueira Leite', 'F', '2013-08-06', 'S04M', '4ª Classe', 1, 'TP2026025');
INSERT INTO alunos (id, numero_processo, nome_completo, sexo, data_nascimento, turma_id, classe, ativo, qr_token) VALUES (26, 'TP2026026', 'Daniel Araújo Peixoto', 'M', '2013-01-30', 'S04M', '4ª Classe', 1, 'TP2026026');
INSERT INTO alunos (id, numero_processo, nome_completo, sexo, data_nascimento, turma_id, classe, ativo, qr_token) VALUES (27, 'TP2026027', 'Elisa Batista Rocha', 'F', '2013-05-23', 'S04M', '4ª Classe', 1, 'TP2026027');
INSERT INTO alunos (id, numero_processo, nome_completo, sexo, data_nascimento, turma_id, classe, ativo, qr_token) VALUES (28, 'TP2026028', 'Felipe Cerqueira Duarte', 'M', '2013-09-15', 'S04T', '4ª Classe', 1, 'TP2026028');
INSERT INTO alunos (id, numero_processo, nome_completo, sexo, data_nascimento, turma_id, classe, ativo, qr_token) VALUES (29, 'TP2026029', 'Gabriela Matos Figueiredo', 'F', '2013-02-07', 'S04T', '4ª Classe', 1, 'TP2026029');
INSERT INTO alunos (id, numero_processo, nome_completo, sexo, data_nascimento, turma_id, classe, ativo, qr_token) VALUES (30, 'TP2026030', 'Henrique Vasconcelos Prado', 'M', '2012-06-19', 'S05M', '5ª Classe', 1, 'TP2026030');
INSERT INTO alunos (id, numero_processo, nome_completo, sexo, data_nascimento, turma_id, classe, ativo, qr_token) VALUES (31, 'TP2026031', 'Isabel Queirós Vilas', 'F', '2012-10-03', 'S05M', '5ª Classe', 1, 'TP2026031');
INSERT INTO alunos (id, numero_processo, nome_completo, sexo, data_nascimento, turma_id, classe, ativo, qr_token) VALUES (32, 'TP2026032', 'João Paulo Serra Gomes', 'M', '2012-03-14', 'S05M', '5ª Classe', 1, 'TP2026032');
INSERT INTO alunos (id, numero_processo, nome_completo, sexo, data_nascimento, turma_id, classe, ativo, qr_token) VALUES (33, 'TP2026033', 'Karina Espírito Santo Leal', 'F', '2012-07-25', 'S05T', '5ª Classe', 1, 'TP2026033');
INSERT INTO alunos (id, numero_processo, nome_completo, sexo, data_nascimento, turma_id, classe, ativo, qr_token) VALUES (34, 'TP2026034', 'Lucas Bernardes Falcão', 'M', '2012-11-08', 'S05T', '5ª Classe', 1, 'TP2026034');
INSERT INTO alunos (id, numero_processo, nome_completo, sexo, data_nascimento, turma_id, classe, ativo, qr_token) VALUES (35, 'TP2026035', 'Marina Cavalcante Neves', 'F', '2011-04-02', 'S06M', '6ª Classe', 1, 'TP2026035');
INSERT INTO alunos (id, numero_processo, nome_completo, sexo, data_nascimento, turma_id, classe, ativo, qr_token) VALUES (36, 'TP2026036', 'Nelson Augusto Faria', 'M', '2011-08-16', 'S06M', '6ª Classe', 1, 'TP2026036');
INSERT INTO alunos (id, numero_processo, nome_completo, sexo, data_nascimento, turma_id, classe, ativo, qr_token) VALUES (37, 'TP2026037', 'Olivia Sampaio Loureiro', 'F', '2011-12-27', 'S06M', '6ª Classe', 1, 'TP2026037');
INSERT INTO alunos (id, numero_processo, nome_completo, sexo, data_nascimento, turma_id, classe, ativo, qr_token) VALUES (38, 'TP2026038', 'Pedro Henrique Raposo', 'M', '2011-05-10', 'S06T', '6ª Classe', 1, 'TP2026038');
INSERT INTO alunos (id, numero_processo, nome_completo, sexo, data_nascimento, turma_id, classe, ativo, qr_token) VALUES (39, 'TP2026039', 'Quintina Marcelino Andrade', 'F', '2011-09-21', 'S06T', '6ª Classe', 1, 'TP2026039');
INSERT INTO alunos (id, numero_processo, nome_completo, sexo, data_nascimento, turma_id, classe, ativo, qr_token) VALUES (40, 'TP2026040', 'Ricardo Soares Ventura', 'M', '2011-01-06', 'S06T', '6ª Classe', 1, 'TP2026040');
INSERT INTO alunos (id, numero_processo, nome_completo, sexo, data_nascimento, turma_id, classe, ativo, qr_token) VALUES (41, 'TP2026041', 'Amara Diogo Conceição', 'F', '2010-03-15', 'S07M', '7ª Classe', 1, 'TP2026041');
INSERT INTO alunos (id, numero_processo, nome_completo, sexo, data_nascimento, turma_id, classe, ativo, qr_token) VALUES (42, 'TP2026042', 'Benedito Luvumbo Costa', 'M', '2010-07-22', 'S07M', '7ª Classe', 1, 'TP2026042');
INSERT INTO alunos (id, numero_processo, nome_completo, sexo, data_nascimento, turma_id, classe, ativo, qr_token) VALUES (43, 'TP2026043', 'Cláudia Neto Xavier', 'F', '2010-11-05', 'S07M', '7ª Classe', 1, 'TP2026043');
INSERT INTO alunos (id, numero_processo, nome_completo, sexo, data_nascimento, turma_id, classe, ativo, qr_token) VALUES (44, 'TP2026044', 'David Tiago Mendonça', 'M', '2010-09-30', 'S07T', '7ª Classe', 1, 'TP2026044');
INSERT INTO alunos (id, numero_processo, nome_completo, sexo, data_nascimento, turma_id, classe, ativo, qr_token) VALUES (45, 'TP2026045', 'Emília Paiva Bandeira', 'F', '2010-01-18', 'S07T', '7ª Classe', 1, 'TP2026045');
INSERT INTO alunos (id, numero_processo, nome_completo, sexo, data_nascimento, turma_id, classe, ativo, qr_token) VALUES (46, 'TP2026046', 'Francisco Pinto Ramos', 'M', '2009-05-14', 'S08M', '8ª Classe', 1, 'TP2026046');
INSERT INTO alunos (id, numero_processo, nome_completo, sexo, data_nascimento, turma_id, classe, ativo, qr_token) VALUES (47, 'TP2026047', 'Graça Simões Leitão', 'F', '2009-11-02', 'S08M', '8ª Classe', 1, 'TP2026047');
INSERT INTO alunos (id, numero_processo, nome_completo, sexo, data_nascimento, turma_id, classe, ativo, qr_token) VALUES (48, 'TP2026048', 'Hélio Ferreira Brito', 'M', '2009-04-19', 'S08T', '8ª Classe', 1, 'TP2026048');
INSERT INTO alunos (id, numero_processo, nome_completo, sexo, data_nascimento, turma_id, classe, ativo, qr_token) VALUES (49, 'TP2026049', 'Inês Faria Gonçalves', 'F', '2009-08-07', 'S08T', '8ª Classe', 1, 'TP2026049');
INSERT INTO alunos (id, numero_processo, nome_completo, sexo, data_nascimento, turma_id, classe, ativo, qr_token) VALUES (50, 'TP2026050', 'José António Nkosi', 'M', '2008-02-11', 'S09M', '9ª Classe', 1, 'TP2026050');
INSERT INTO alunos (id, numero_processo, nome_completo, sexo, data_nascimento, turma_id, classe, ativo, qr_token) VALUES (51, 'TP2026051', 'Leonor Bettencourt Silva', 'F', '2008-06-28', 'S09M', '9ª Classe', 1, 'TP2026051');
INSERT INTO alunos (id, numero_processo, nome_completo, sexo, data_nascimento, turma_id, classe, ativo, qr_token) VALUES (52, 'TP2026052', 'Marco Vieira Henriques', 'M', '2008-10-01', 'S09T', '9ª Classe', 1, 'TP2026052');
INSERT INTO alunos (id, numero_processo, nome_completo, sexo, data_nascimento, turma_id, classe, ativo, qr_token) VALUES (53, 'TP2026053', 'Nádia Teixeira Barbosa', 'F', '2007-03-28', 'S10M', '10ª Classe', 1, 'TP2026053');
INSERT INTO alunos (id, numero_processo, nome_completo, sexo, data_nascimento, turma_id, classe, ativo, qr_token) VALUES (54, 'TP2026054', 'Orlando Cunha Baptista', 'M', '2007-07-16', 'S10M', '10ª Classe', 1, 'TP2026054');
INSERT INTO alunos (id, numero_processo, nome_completo, sexo, data_nascimento, turma_id, classe, ativo, qr_token) VALUES (55, 'TP2026055', 'Paula Rocha Moraes', 'F', '2007-12-09', 'S10T', '10ª Classe', 1, 'TP2026055');
INSERT INTO alunos (id, numero_processo, nome_completo, sexo, data_nascimento, turma_id, classe, ativo, qr_token) VALUES (56, 'TP2026056', 'Quirino Fonseca Torres', 'M', '2006-05-03', 'S11M', '11ª Classe', 1, 'TP2026056');

-- ── INSERT atribuicoes_disciplinas ─────────────────────────────
INSERT INTO atribuicoes_disciplinas (id, turma_id, disciplina_id, professor_id) VALUES (1, 'S01M', 1, 1);
INSERT INTO atribuicoes_disciplinas (id, turma_id, disciplina_id, professor_id) VALUES (2, 'S01M', 2, 1);
INSERT INTO atribuicoes_disciplinas (id, turma_id, disciplina_id, professor_id) VALUES (3, 'S01M', 3, 1);
INSERT INTO atribuicoes_disciplinas (id, turma_id, disciplina_id, professor_id) VALUES (4, 'S01M', 4, 1);
INSERT INTO atribuicoes_disciplinas (id, turma_id, disciplina_id, professor_id) VALUES (5, 'S01M', 5, 1);
INSERT INTO atribuicoes_disciplinas (id, turma_id, disciplina_id, professor_id) VALUES (6, 'S01M', 6, 1);
INSERT INTO atribuicoes_disciplinas (id, turma_id, disciplina_id, professor_id) VALUES (7, 'S01T', 1, 1);
INSERT INTO atribuicoes_disciplinas (id, turma_id, disciplina_id, professor_id) VALUES (8, 'S01T', 2, 1);
INSERT INTO atribuicoes_disciplinas (id, turma_id, disciplina_id, professor_id) VALUES (9, 'S01T', 3, 1);
INSERT INTO atribuicoes_disciplinas (id, turma_id, disciplina_id, professor_id) VALUES (10, 'S01T', 4, 1);
INSERT INTO atribuicoes_disciplinas (id, turma_id, disciplina_id, professor_id) VALUES (11, 'S01T', 5, 1);
INSERT INTO atribuicoes_disciplinas (id, turma_id, disciplina_id, professor_id) VALUES (12, 'S01T', 6, 1);
INSERT INTO atribuicoes_disciplinas (id, turma_id, disciplina_id, professor_id) VALUES (13, 'S02M', 1, 2);
INSERT INTO atribuicoes_disciplinas (id, turma_id, disciplina_id, professor_id) VALUES (14, 'S02M', 2, 2);
INSERT INTO atribuicoes_disciplinas (id, turma_id, disciplina_id, professor_id) VALUES (15, 'S02M', 3, 2);
INSERT INTO atribuicoes_disciplinas (id, turma_id, disciplina_id, professor_id) VALUES (16, 'S02M', 4, 2);
INSERT INTO atribuicoes_disciplinas (id, turma_id, disciplina_id, professor_id) VALUES (17, 'S02M', 5, 2);
INSERT INTO atribuicoes_disciplinas (id, turma_id, disciplina_id, professor_id) VALUES (18, 'S02M', 6, 2);
INSERT INTO atribuicoes_disciplinas (id, turma_id, disciplina_id, professor_id) VALUES (19, 'S02T', 1, 2);
INSERT INTO atribuicoes_disciplinas (id, turma_id, disciplina_id, professor_id) VALUES (20, 'S02T', 2, 2);
INSERT INTO atribuicoes_disciplinas (id, turma_id, disciplina_id, professor_id) VALUES (21, 'S02T', 3, 2);
INSERT INTO atribuicoes_disciplinas (id, turma_id, disciplina_id, professor_id) VALUES (22, 'S02T', 4, 2);
INSERT INTO atribuicoes_disciplinas (id, turma_id, disciplina_id, professor_id) VALUES (23, 'S02T', 5, 2);
INSERT INTO atribuicoes_disciplinas (id, turma_id, disciplina_id, professor_id) VALUES (24, 'S02T', 6, 2);
INSERT INTO atribuicoes_disciplinas (id, turma_id, disciplina_id, professor_id) VALUES (25, 'S03M', 1, 3);
INSERT INTO atribuicoes_disciplinas (id, turma_id, disciplina_id, professor_id) VALUES (26, 'S03M', 2, 3);
INSERT INTO atribuicoes_disciplinas (id, turma_id, disciplina_id, professor_id) VALUES (27, 'S03M', 3, 3);
INSERT INTO atribuicoes_disciplinas (id, turma_id, disciplina_id, professor_id) VALUES (28, 'S03M', 4, 3);
INSERT INTO atribuicoes_disciplinas (id, turma_id, disciplina_id, professor_id) VALUES (29, 'S03M', 5, 3);
INSERT INTO atribuicoes_disciplinas (id, turma_id, disciplina_id, professor_id) VALUES (30, 'S03M', 6, 3);
INSERT INTO atribuicoes_disciplinas (id, turma_id, disciplina_id, professor_id) VALUES (31, 'S03T', 1, 3);
INSERT INTO atribuicoes_disciplinas (id, turma_id, disciplina_id, professor_id) VALUES (32, 'S03T', 2, 3);
INSERT INTO atribuicoes_disciplinas (id, turma_id, disciplina_id, professor_id) VALUES (33, 'S03T', 3, 3);
INSERT INTO atribuicoes_disciplinas (id, turma_id, disciplina_id, professor_id) VALUES (34, 'S03T', 4, 3);
INSERT INTO atribuicoes_disciplinas (id, turma_id, disciplina_id, professor_id) VALUES (35, 'S03T', 5, 3);
INSERT INTO atribuicoes_disciplinas (id, turma_id, disciplina_id, professor_id) VALUES (36, 'S03T', 6, 3);
INSERT INTO atribuicoes_disciplinas (id, turma_id, disciplina_id, professor_id) VALUES (37, 'S04M', 1, 4);
INSERT INTO atribuicoes_disciplinas (id, turma_id, disciplina_id, professor_id) VALUES (38, 'S04M', 2, 4);
INSERT INTO atribuicoes_disciplinas (id, turma_id, disciplina_id, professor_id) VALUES (39, 'S04M', 3, 4);
INSERT INTO atribuicoes_disciplinas (id, turma_id, disciplina_id, professor_id) VALUES (40, 'S04M', 4, 4);
INSERT INTO atribuicoes_disciplinas (id, turma_id, disciplina_id, professor_id) VALUES (41, 'S04M', 5, 4);
INSERT INTO atribuicoes_disciplinas (id, turma_id, disciplina_id, professor_id) VALUES (42, 'S04M', 6, 4);
INSERT INTO atribuicoes_disciplinas (id, turma_id, disciplina_id, professor_id) VALUES (43, 'S04T', 1, 4);
INSERT INTO atribuicoes_disciplinas (id, turma_id, disciplina_id, professor_id) VALUES (44, 'S04T', 2, 4);
INSERT INTO atribuicoes_disciplinas (id, turma_id, disciplina_id, professor_id) VALUES (45, 'S04T', 3, 4);
INSERT INTO atribuicoes_disciplinas (id, turma_id, disciplina_id, professor_id) VALUES (46, 'S04T', 4, 4);
INSERT INTO atribuicoes_disciplinas (id, turma_id, disciplina_id, professor_id) VALUES (47, 'S04T', 5, 4);
INSERT INTO atribuicoes_disciplinas (id, turma_id, disciplina_id, professor_id) VALUES (48, 'S04T', 6, 4);
INSERT INTO atribuicoes_disciplinas (id, turma_id, disciplina_id, professor_id) VALUES (49, 'S05M', 1, 5);
INSERT INTO atribuicoes_disciplinas (id, turma_id, disciplina_id, professor_id) VALUES (50, 'S05M', 2, 5);
INSERT INTO atribuicoes_disciplinas (id, turma_id, disciplina_id, professor_id) VALUES (51, 'S05M', 3, 5);
INSERT INTO atribuicoes_disciplinas (id, turma_id, disciplina_id, professor_id) VALUES (52, 'S05M', 5, 5);
INSERT INTO atribuicoes_disciplinas (id, turma_id, disciplina_id, professor_id) VALUES (53, 'S05M', 6, 5);
INSERT INTO atribuicoes_disciplinas (id, turma_id, disciplina_id, professor_id) VALUES (54, 'S05M', 7, 5);
INSERT INTO atribuicoes_disciplinas (id, turma_id, disciplina_id, professor_id) VALUES (55, 'S05M', 8, 5);
INSERT INTO atribuicoes_disciplinas (id, turma_id, disciplina_id, professor_id) VALUES (56, 'S05M', 9, 5);
INSERT INTO atribuicoes_disciplinas (id, turma_id, disciplina_id, professor_id) VALUES (57, 'S05M', 10, 5);
INSERT INTO atribuicoes_disciplinas (id, turma_id, disciplina_id, professor_id) VALUES (58, 'S05M', 11, 5);
INSERT INTO atribuicoes_disciplinas (id, turma_id, disciplina_id, professor_id) VALUES (59, 'S05T', 1, 5);
INSERT INTO atribuicoes_disciplinas (id, turma_id, disciplina_id, professor_id) VALUES (60, 'S05T', 2, 5);
INSERT INTO atribuicoes_disciplinas (id, turma_id, disciplina_id, professor_id) VALUES (61, 'S05T', 3, 5);
INSERT INTO atribuicoes_disciplinas (id, turma_id, disciplina_id, professor_id) VALUES (62, 'S05T', 5, 5);
INSERT INTO atribuicoes_disciplinas (id, turma_id, disciplina_id, professor_id) VALUES (63, 'S05T', 6, 5);
INSERT INTO atribuicoes_disciplinas (id, turma_id, disciplina_id, professor_id) VALUES (64, 'S05T', 7, 5);
INSERT INTO atribuicoes_disciplinas (id, turma_id, disciplina_id, professor_id) VALUES (65, 'S05T', 8, 5);
INSERT INTO atribuicoes_disciplinas (id, turma_id, disciplina_id, professor_id) VALUES (66, 'S05T', 9, 5);
INSERT INTO atribuicoes_disciplinas (id, turma_id, disciplina_id, professor_id) VALUES (67, 'S05T', 10, 5);
INSERT INTO atribuicoes_disciplinas (id, turma_id, disciplina_id, professor_id) VALUES (68, 'S05T', 11, 5);
INSERT INTO atribuicoes_disciplinas (id, turma_id, disciplina_id, professor_id) VALUES (69, 'S06M', 1, 6);
INSERT INTO atribuicoes_disciplinas (id, turma_id, disciplina_id, professor_id) VALUES (70, 'S06M', 2, 6);
INSERT INTO atribuicoes_disciplinas (id, turma_id, disciplina_id, professor_id) VALUES (71, 'S06M', 3, 6);
INSERT INTO atribuicoes_disciplinas (id, turma_id, disciplina_id, professor_id) VALUES (72, 'S06M', 5, 6);
INSERT INTO atribuicoes_disciplinas (id, turma_id, disciplina_id, professor_id) VALUES (73, 'S06M', 6, 6);
INSERT INTO atribuicoes_disciplinas (id, turma_id, disciplina_id, professor_id) VALUES (74, 'S06M', 7, 6);
INSERT INTO atribuicoes_disciplinas (id, turma_id, disciplina_id, professor_id) VALUES (75, 'S06M', 8, 6);
INSERT INTO atribuicoes_disciplinas (id, turma_id, disciplina_id, professor_id) VALUES (76, 'S06M', 9, 6);
INSERT INTO atribuicoes_disciplinas (id, turma_id, disciplina_id, professor_id) VALUES (77, 'S06M', 10, 6);
INSERT INTO atribuicoes_disciplinas (id, turma_id, disciplina_id, professor_id) VALUES (78, 'S06M', 11, 6);
INSERT INTO atribuicoes_disciplinas (id, turma_id, disciplina_id, professor_id) VALUES (79, 'S06T', 1, 6);
INSERT INTO atribuicoes_disciplinas (id, turma_id, disciplina_id, professor_id) VALUES (80, 'S06T', 2, 6);
INSERT INTO atribuicoes_disciplinas (id, turma_id, disciplina_id, professor_id) VALUES (81, 'S06T', 3, 6);
INSERT INTO atribuicoes_disciplinas (id, turma_id, disciplina_id, professor_id) VALUES (82, 'S06T', 5, 6);
INSERT INTO atribuicoes_disciplinas (id, turma_id, disciplina_id, professor_id) VALUES (83, 'S06T', 6, 6);
INSERT INTO atribuicoes_disciplinas (id, turma_id, disciplina_id, professor_id) VALUES (84, 'S06T', 7, 6);
INSERT INTO atribuicoes_disciplinas (id, turma_id, disciplina_id, professor_id) VALUES (85, 'S06T', 8, 6);
INSERT INTO atribuicoes_disciplinas (id, turma_id, disciplina_id, professor_id) VALUES (86, 'S06T', 9, 6);
INSERT INTO atribuicoes_disciplinas (id, turma_id, disciplina_id, professor_id) VALUES (87, 'S06T', 10, 6);
INSERT INTO atribuicoes_disciplinas (id, turma_id, disciplina_id, professor_id) VALUES (88, 'S06T', 11, 6);
INSERT INTO atribuicoes_disciplinas (id, turma_id, disciplina_id, professor_id) VALUES (89, 'S07M', 1, 1);
INSERT INTO atribuicoes_disciplinas (id, turma_id, disciplina_id, professor_id) VALUES (90, 'S07M', 2, 2);
INSERT INTO atribuicoes_disciplinas (id, turma_id, disciplina_id, professor_id) VALUES (91, 'S07M', 3, 3);
INSERT INTO atribuicoes_disciplinas (id, turma_id, disciplina_id, professor_id) VALUES (92, 'S07M', 8, 4);
INSERT INTO atribuicoes_disciplinas (id, turma_id, disciplina_id, professor_id) VALUES (93, 'S07M', 9, 5);
INSERT INTO atribuicoes_disciplinas (id, turma_id, disciplina_id, professor_id) VALUES (94, 'S07M', 10, 6);
INSERT INTO atribuicoes_disciplinas (id, turma_id, disciplina_id, professor_id) VALUES (95, 'S07M', 11, 7);
INSERT INTO atribuicoes_disciplinas (id, turma_id, disciplina_id, professor_id) VALUES (96, 'S07M', 12, 8);
INSERT INTO atribuicoes_disciplinas (id, turma_id, disciplina_id, professor_id) VALUES (97, 'S07M', 13, 9);
INSERT INTO atribuicoes_disciplinas (id, turma_id, disciplina_id, professor_id) VALUES (98, 'S07M', 14, 10);
INSERT INTO atribuicoes_disciplinas (id, turma_id, disciplina_id, professor_id) VALUES (99, 'S07M', 15, 1);
INSERT INTO atribuicoes_disciplinas (id, turma_id, disciplina_id, professor_id) VALUES (100, 'S07T', 1, 2);
INSERT INTO atribuicoes_disciplinas (id, turma_id, disciplina_id, professor_id) VALUES (101, 'S07T', 2, 3);
INSERT INTO atribuicoes_disciplinas (id, turma_id, disciplina_id, professor_id) VALUES (102, 'S07T', 3, 4);
INSERT INTO atribuicoes_disciplinas (id, turma_id, disciplina_id, professor_id) VALUES (103, 'S07T', 8, 5);
INSERT INTO atribuicoes_disciplinas (id, turma_id, disciplina_id, professor_id) VALUES (104, 'S07T', 9, 6);
INSERT INTO atribuicoes_disciplinas (id, turma_id, disciplina_id, professor_id) VALUES (105, 'S07T', 10, 7);
INSERT INTO atribuicoes_disciplinas (id, turma_id, disciplina_id, professor_id) VALUES (106, 'S07T', 11, 8);
INSERT INTO atribuicoes_disciplinas (id, turma_id, disciplina_id, professor_id) VALUES (107, 'S07T', 12, 9);
INSERT INTO atribuicoes_disciplinas (id, turma_id, disciplina_id, professor_id) VALUES (108, 'S07T', 13, 10);
INSERT INTO atribuicoes_disciplinas (id, turma_id, disciplina_id, professor_id) VALUES (109, 'S07T', 14, 1);
INSERT INTO atribuicoes_disciplinas (id, turma_id, disciplina_id, professor_id) VALUES (110, 'S07T', 15, 2);
INSERT INTO atribuicoes_disciplinas (id, turma_id, disciplina_id, professor_id) VALUES (111, 'S08M', 1, 3);
INSERT INTO atribuicoes_disciplinas (id, turma_id, disciplina_id, professor_id) VALUES (112, 'S08M', 2, 4);
INSERT INTO atribuicoes_disciplinas (id, turma_id, disciplina_id, professor_id) VALUES (113, 'S08M', 3, 5);
INSERT INTO atribuicoes_disciplinas (id, turma_id, disciplina_id, professor_id) VALUES (114, 'S08M', 8, 6);
INSERT INTO atribuicoes_disciplinas (id, turma_id, disciplina_id, professor_id) VALUES (115, 'S08M', 9, 7);
INSERT INTO atribuicoes_disciplinas (id, turma_id, disciplina_id, professor_id) VALUES (116, 'S08M', 10, 8);
INSERT INTO atribuicoes_disciplinas (id, turma_id, disciplina_id, professor_id) VALUES (117, 'S08M', 11, 9);
INSERT INTO atribuicoes_disciplinas (id, turma_id, disciplina_id, professor_id) VALUES (118, 'S08M', 12, 10);
INSERT INTO atribuicoes_disciplinas (id, turma_id, disciplina_id, professor_id) VALUES (119, 'S08M', 13, 1);
INSERT INTO atribuicoes_disciplinas (id, turma_id, disciplina_id, professor_id) VALUES (120, 'S08M', 14, 2);
INSERT INTO atribuicoes_disciplinas (id, turma_id, disciplina_id, professor_id) VALUES (121, 'S08M', 15, 3);
INSERT INTO atribuicoes_disciplinas (id, turma_id, disciplina_id, professor_id) VALUES (122, 'S08T', 1, 4);
INSERT INTO atribuicoes_disciplinas (id, turma_id, disciplina_id, professor_id) VALUES (123, 'S08T', 2, 5);
INSERT INTO atribuicoes_disciplinas (id, turma_id, disciplina_id, professor_id) VALUES (124, 'S08T', 3, 6);
INSERT INTO atribuicoes_disciplinas (id, turma_id, disciplina_id, professor_id) VALUES (125, 'S08T', 8, 7);
INSERT INTO atribuicoes_disciplinas (id, turma_id, disciplina_id, professor_id) VALUES (126, 'S08T', 9, 8);
INSERT INTO atribuicoes_disciplinas (id, turma_id, disciplina_id, professor_id) VALUES (127, 'S08T', 10, 9);
INSERT INTO atribuicoes_disciplinas (id, turma_id, disciplina_id, professor_id) VALUES (128, 'S08T', 11, 10);
INSERT INTO atribuicoes_disciplinas (id, turma_id, disciplina_id, professor_id) VALUES (129, 'S08T', 12, 1);
INSERT INTO atribuicoes_disciplinas (id, turma_id, disciplina_id, professor_id) VALUES (130, 'S08T', 13, 2);
INSERT INTO atribuicoes_disciplinas (id, turma_id, disciplina_id, professor_id) VALUES (131, 'S08T', 14, 3);
INSERT INTO atribuicoes_disciplinas (id, turma_id, disciplina_id, professor_id) VALUES (132, 'S08T', 15, 4);
INSERT INTO atribuicoes_disciplinas (id, turma_id, disciplina_id, professor_id) VALUES (133, 'S09M', 1, 5);
INSERT INTO atribuicoes_disciplinas (id, turma_id, disciplina_id, professor_id) VALUES (134, 'S09M', 2, 6);
INSERT INTO atribuicoes_disciplinas (id, turma_id, disciplina_id, professor_id) VALUES (135, 'S09M', 3, 7);
INSERT INTO atribuicoes_disciplinas (id, turma_id, disciplina_id, professor_id) VALUES (136, 'S09M', 8, 8);
INSERT INTO atribuicoes_disciplinas (id, turma_id, disciplina_id, professor_id) VALUES (137, 'S09M', 9, 9);
INSERT INTO atribuicoes_disciplinas (id, turma_id, disciplina_id, professor_id) VALUES (138, 'S09M', 10, 10);
INSERT INTO atribuicoes_disciplinas (id, turma_id, disciplina_id, professor_id) VALUES (139, 'S09M', 11, 1);
INSERT INTO atribuicoes_disciplinas (id, turma_id, disciplina_id, professor_id) VALUES (140, 'S09M', 12, 2);
INSERT INTO atribuicoes_disciplinas (id, turma_id, disciplina_id, professor_id) VALUES (141, 'S09M', 13, 3);
INSERT INTO atribuicoes_disciplinas (id, turma_id, disciplina_id, professor_id) VALUES (142, 'S09M', 14, 4);
INSERT INTO atribuicoes_disciplinas (id, turma_id, disciplina_id, professor_id) VALUES (143, 'S09M', 15, 5);
INSERT INTO atribuicoes_disciplinas (id, turma_id, disciplina_id, professor_id) VALUES (144, 'S09T', 1, 6);
INSERT INTO atribuicoes_disciplinas (id, turma_id, disciplina_id, professor_id) VALUES (145, 'S09T', 2, 7);
INSERT INTO atribuicoes_disciplinas (id, turma_id, disciplina_id, professor_id) VALUES (146, 'S09T', 3, 8);
INSERT INTO atribuicoes_disciplinas (id, turma_id, disciplina_id, professor_id) VALUES (147, 'S09T', 8, 9);
INSERT INTO atribuicoes_disciplinas (id, turma_id, disciplina_id, professor_id) VALUES (148, 'S09T', 9, 10);
INSERT INTO atribuicoes_disciplinas (id, turma_id, disciplina_id, professor_id) VALUES (149, 'S09T', 10, 1);
INSERT INTO atribuicoes_disciplinas (id, turma_id, disciplina_id, professor_id) VALUES (150, 'S09T', 11, 2);
INSERT INTO atribuicoes_disciplinas (id, turma_id, disciplina_id, professor_id) VALUES (151, 'S09T', 12, 3);
INSERT INTO atribuicoes_disciplinas (id, turma_id, disciplina_id, professor_id) VALUES (152, 'S09T', 13, 4);
INSERT INTO atribuicoes_disciplinas (id, turma_id, disciplina_id, professor_id) VALUES (153, 'S09T', 14, 5);
INSERT INTO atribuicoes_disciplinas (id, turma_id, disciplina_id, professor_id) VALUES (154, 'S09T', 15, 6);
INSERT INTO atribuicoes_disciplinas (id, turma_id, disciplina_id, professor_id) VALUES (155, 'S10M', 1, 7);
INSERT INTO atribuicoes_disciplinas (id, turma_id, disciplina_id, professor_id) VALUES (156, 'S10M', 2, 8);
INSERT INTO atribuicoes_disciplinas (id, turma_id, disciplina_id, professor_id) VALUES (157, 'S10M', 3, 9);
INSERT INTO atribuicoes_disciplinas (id, turma_id, disciplina_id, professor_id) VALUES (158, 'S10M', 12, 10);
INSERT INTO atribuicoes_disciplinas (id, turma_id, disciplina_id, professor_id) VALUES (159, 'S10M', 46, 1);
INSERT INTO atribuicoes_disciplinas (id, turma_id, disciplina_id, professor_id) VALUES (160, 'S10M', 47, 2);
INSERT INTO atribuicoes_disciplinas (id, turma_id, disciplina_id, professor_id) VALUES (161, 'S10M', 48, 3);
INSERT INTO atribuicoes_disciplinas (id, turma_id, disciplina_id, professor_id) VALUES (162, 'S10M', 49, 4);
INSERT INTO atribuicoes_disciplinas (id, turma_id, disciplina_id, professor_id) VALUES (163, 'S10M', 50, 5);
INSERT INTO atribuicoes_disciplinas (id, turma_id, disciplina_id, professor_id) VALUES (164, 'S10M', 51, 6);
INSERT INTO atribuicoes_disciplinas (id, turma_id, disciplina_id, professor_id) VALUES (165, 'S10T', 1, 8);
INSERT INTO atribuicoes_disciplinas (id, turma_id, disciplina_id, professor_id) VALUES (166, 'S10T', 2, 9);
INSERT INTO atribuicoes_disciplinas (id, turma_id, disciplina_id, professor_id) VALUES (167, 'S10T', 3, 10);
INSERT INTO atribuicoes_disciplinas (id, turma_id, disciplina_id, professor_id) VALUES (168, 'S10T', 12, 1);
INSERT INTO atribuicoes_disciplinas (id, turma_id, disciplina_id, professor_id) VALUES (169, 'S10T', 31, 2);
INSERT INTO atribuicoes_disciplinas (id, turma_id, disciplina_id, professor_id) VALUES (170, 'S10T', 32, 3);
INSERT INTO atribuicoes_disciplinas (id, turma_id, disciplina_id, professor_id) VALUES (171, 'S10T', 33, 4);
INSERT INTO atribuicoes_disciplinas (id, turma_id, disciplina_id, professor_id) VALUES (172, 'S10T', 34, 5);
INSERT INTO atribuicoes_disciplinas (id, turma_id, disciplina_id, professor_id) VALUES (173, 'S10T', 35, 6);
INSERT INTO atribuicoes_disciplinas (id, turma_id, disciplina_id, professor_id) VALUES (174, 'S10T', 36, 7);
INSERT INTO atribuicoes_disciplinas (id, turma_id, disciplina_id, professor_id) VALUES (175, 'S10T', 37, 8);
INSERT INTO atribuicoes_disciplinas (id, turma_id, disciplina_id, professor_id) VALUES (176, 'S11M', 1, 9);
INSERT INTO atribuicoes_disciplinas (id, turma_id, disciplina_id, professor_id) VALUES (177, 'S11M', 2, 10);
INSERT INTO atribuicoes_disciplinas (id, turma_id, disciplina_id, professor_id) VALUES (178, 'S11M', 3, 1);
INSERT INTO atribuicoes_disciplinas (id, turma_id, disciplina_id, professor_id) VALUES (179, 'S11M', 12, 2);
INSERT INTO atribuicoes_disciplinas (id, turma_id, disciplina_id, professor_id) VALUES (180, 'S11M', 16, 3);
INSERT INTO atribuicoes_disciplinas (id, turma_id, disciplina_id, professor_id) VALUES (181, 'S11M', 17, 4);
INSERT INTO atribuicoes_disciplinas (id, turma_id, disciplina_id, professor_id) VALUES (182, 'S11M', 18, 5);
INSERT INTO atribuicoes_disciplinas (id, turma_id, disciplina_id, professor_id) VALUES (183, 'S11M', 19, 6);
INSERT INTO atribuicoes_disciplinas (id, turma_id, disciplina_id, professor_id) VALUES (184, 'S11M', 20, 7);
INSERT INTO atribuicoes_disciplinas (id, turma_id, disciplina_id, professor_id) VALUES (185, 'S11M', 21, 8);
INSERT INTO atribuicoes_disciplinas (id, turma_id, disciplina_id, professor_id) VALUES (186, 'S11M', 22, 9);
INSERT INTO atribuicoes_disciplinas (id, turma_id, disciplina_id, professor_id) VALUES (187, 'S11M', 23, 10);
INSERT INTO atribuicoes_disciplinas (id, turma_id, disciplina_id, professor_id) VALUES (188, 'S11T', 1, 10);
INSERT INTO atribuicoes_disciplinas (id, turma_id, disciplina_id, professor_id) VALUES (189, 'S11T', 2, 1);
INSERT INTO atribuicoes_disciplinas (id, turma_id, disciplina_id, professor_id) VALUES (190, 'S11T', 3, 2);
INSERT INTO atribuicoes_disciplinas (id, turma_id, disciplina_id, professor_id) VALUES (191, 'S11T', 12, 3);
INSERT INTO atribuicoes_disciplinas (id, turma_id, disciplina_id, professor_id) VALUES (192, 'S11T', 24, 4);
INSERT INTO atribuicoes_disciplinas (id, turma_id, disciplina_id, professor_id) VALUES (193, 'S11T', 25, 5);
INSERT INTO atribuicoes_disciplinas (id, turma_id, disciplina_id, professor_id) VALUES (194, 'S11T', 26, 6);
INSERT INTO atribuicoes_disciplinas (id, turma_id, disciplina_id, professor_id) VALUES (195, 'S11T', 27, 7);
INSERT INTO atribuicoes_disciplinas (id, turma_id, disciplina_id, professor_id) VALUES (196, 'S11T', 28, 8);
INSERT INTO atribuicoes_disciplinas (id, turma_id, disciplina_id, professor_id) VALUES (197, 'S11T', 29, 9);
INSERT INTO atribuicoes_disciplinas (id, turma_id, disciplina_id, professor_id) VALUES (198, 'S11T', 30, 10);
INSERT INTO atribuicoes_disciplinas (id, turma_id, disciplina_id, professor_id) VALUES (199, 'S12M', 1, 1);
INSERT INTO atribuicoes_disciplinas (id, turma_id, disciplina_id, professor_id) VALUES (200, 'S12M', 2, 2);
INSERT INTO atribuicoes_disciplinas (id, turma_id, disciplina_id, professor_id) VALUES (201, 'S12M', 3, 3);
INSERT INTO atribuicoes_disciplinas (id, turma_id, disciplina_id, professor_id) VALUES (202, 'S12M', 12, 4);
INSERT INTO atribuicoes_disciplinas (id, turma_id, disciplina_id, professor_id) VALUES (203, 'S12M', 46, 5);
INSERT INTO atribuicoes_disciplinas (id, turma_id, disciplina_id, professor_id) VALUES (204, 'S12M', 47, 6);
INSERT INTO atribuicoes_disciplinas (id, turma_id, disciplina_id, professor_id) VALUES (205, 'S12M', 53, 7);
INSERT INTO atribuicoes_disciplinas (id, turma_id, disciplina_id, professor_id) VALUES (206, 'S12M', 55, 8);
INSERT INTO atribuicoes_disciplinas (id, turma_id, disciplina_id, professor_id) VALUES (207, 'S12M', 56, 9);
INSERT INTO atribuicoes_disciplinas (id, turma_id, disciplina_id, professor_id) VALUES (208, 'S12M', 57, 10);
INSERT INTO atribuicoes_disciplinas (id, turma_id, disciplina_id, professor_id) VALUES (209, 'S12T', 44, 2);
INSERT INTO atribuicoes_disciplinas (id, turma_id, disciplina_id, professor_id) VALUES (210, 'S12T', 45, 3);

-- ── INSERT horarios ────────────────────────────────────────────
INSERT INTO horarios (id, turma_id, disciplina_id, dia_semana, aula) VALUES (1, 'S01M', 1, 1, 1);
INSERT INTO horarios (id, turma_id, disciplina_id, dia_semana, aula) VALUES (2, 'S01M', 2, 1, 2);
INSERT INTO horarios (id, turma_id, disciplina_id, dia_semana, aula) VALUES (3, 'S01M', 3, 1, 3);
INSERT INTO horarios (id, turma_id, disciplina_id, dia_semana, aula) VALUES (4, 'S01M', 4, 1, 4);
INSERT INTO horarios (id, turma_id, disciplina_id, dia_semana, aula) VALUES (5, 'S01M', 5, 1, 5);
INSERT INTO horarios (id, turma_id, disciplina_id, dia_semana, aula) VALUES (6, 'S01M', 6, 1, 6);
INSERT INTO horarios (id, turma_id, disciplina_id, dia_semana, aula) VALUES (7, 'S01M', 1, 2, 1);
INSERT INTO horarios (id, turma_id, disciplina_id, dia_semana, aula) VALUES (8, 'S01M', 2, 2, 2);
INSERT INTO horarios (id, turma_id, disciplina_id, dia_semana, aula) VALUES (9, 'S01M', 3, 2, 3);
INSERT INTO horarios (id, turma_id, disciplina_id, dia_semana, aula) VALUES (10, 'S01M', 4, 2, 4);
INSERT INTO horarios (id, turma_id, disciplina_id, dia_semana, aula) VALUES (11, 'S01M', 5, 2, 5);
INSERT INTO horarios (id, turma_id, disciplina_id, dia_semana, aula) VALUES (12, 'S01M', 6, 2, 6);
INSERT INTO horarios (id, turma_id, disciplina_id, dia_semana, aula) VALUES (13, 'S01M', 1, 3, 1);
INSERT INTO horarios (id, turma_id, disciplina_id, dia_semana, aula) VALUES (14, 'S01M', 2, 3, 2);
INSERT INTO horarios (id, turma_id, disciplina_id, dia_semana, aula) VALUES (15, 'S01M', 3, 3, 3);
INSERT INTO horarios (id, turma_id, disciplina_id, dia_semana, aula) VALUES (16, 'S01M', 4, 3, 4);
INSERT INTO horarios (id, turma_id, disciplina_id, dia_semana, aula) VALUES (17, 'S01M', 5, 3, 5);
INSERT INTO horarios (id, turma_id, disciplina_id, dia_semana, aula) VALUES (18, 'S01M', 6, 3, 6);
INSERT INTO horarios (id, turma_id, disciplina_id, dia_semana, aula) VALUES (19, 'S01M', 1, 4, 1);
INSERT INTO horarios (id, turma_id, disciplina_id, dia_semana, aula) VALUES (20, 'S01M', 2, 4, 2);
INSERT INTO horarios (id, turma_id, disciplina_id, dia_semana, aula) VALUES (21, 'S01M', 3, 4, 3);
INSERT INTO horarios (id, turma_id, disciplina_id, dia_semana, aula) VALUES (22, 'S01M', 4, 4, 4);
INSERT INTO horarios (id, turma_id, disciplina_id, dia_semana, aula) VALUES (23, 'S01M', 5, 4, 5);
INSERT INTO horarios (id, turma_id, disciplina_id, dia_semana, aula) VALUES (24, 'S01M', 6, 4, 6);
INSERT INTO horarios (id, turma_id, disciplina_id, dia_semana, aula) VALUES (25, 'S01M', 1, 5, 1);
INSERT INTO horarios (id, turma_id, disciplina_id, dia_semana, aula) VALUES (26, 'S01M', 2, 5, 2);
INSERT INTO horarios (id, turma_id, disciplina_id, dia_semana, aula) VALUES (27, 'S01M', 3, 5, 3);
INSERT INTO horarios (id, turma_id, disciplina_id, dia_semana, aula) VALUES (28, 'S01M', 4, 5, 4);
INSERT INTO horarios (id, turma_id, disciplina_id, dia_semana, aula) VALUES (29, 'S01M', 5, 5, 5);
INSERT INTO horarios (id, turma_id, disciplina_id, dia_semana, aula) VALUES (30, 'S01M', 6, 5, 6);
INSERT INTO horarios (id, turma_id, disciplina_id, dia_semana, aula) VALUES (31, 'S01T', 1, 1, 1);
INSERT INTO horarios (id, turma_id, disciplina_id, dia_semana, aula) VALUES (32, 'S01T', 2, 1, 2);
INSERT INTO horarios (id, turma_id, disciplina_id, dia_semana, aula) VALUES (33, 'S01T', 3, 1, 3);
INSERT INTO horarios (id, turma_id, disciplina_id, dia_semana, aula) VALUES (34, 'S01T', 4, 1, 4);
INSERT INTO horarios (id, turma_id, disciplina_id, dia_semana, aula) VALUES (35, 'S01T', 5, 1, 5);
INSERT INTO horarios (id, turma_id, disciplina_id, dia_semana, aula) VALUES (36, 'S01T', 6, 1, 6);
INSERT INTO horarios (id, turma_id, disciplina_id, dia_semana, aula) VALUES (37, 'S01T', 1, 2, 1);
INSERT INTO horarios (id, turma_id, disciplina_id, dia_semana, aula) VALUES (38, 'S01T', 2, 2, 2);
INSERT INTO horarios (id, turma_id, disciplina_id, dia_semana, aula) VALUES (39, 'S01T', 3, 2, 3);
INSERT INTO horarios (id, turma_id, disciplina_id, dia_semana, aula) VALUES (40, 'S01T', 4, 2, 4);
INSERT INTO horarios (id, turma_id, disciplina_id, dia_semana, aula) VALUES (41, 'S01T', 5, 2, 5);
INSERT INTO horarios (id, turma_id, disciplina_id, dia_semana, aula) VALUES (42, 'S01T', 6, 2, 6);
INSERT INTO horarios (id, turma_id, disciplina_id, dia_semana, aula) VALUES (43, 'S01T', 1, 3, 1);
INSERT INTO horarios (id, turma_id, disciplina_id, dia_semana, aula) VALUES (44, 'S01T', 2, 3, 2);
INSERT INTO horarios (id, turma_id, disciplina_id, dia_semana, aula) VALUES (45, 'S01T', 3, 3, 3);
INSERT INTO horarios (id, turma_id, disciplina_id, dia_semana, aula) VALUES (46, 'S01T', 4, 3, 4);
INSERT INTO horarios (id, turma_id, disciplina_id, dia_semana, aula) VALUES (47, 'S01T', 5, 3, 5);
INSERT INTO horarios (id, turma_id, disciplina_id, dia_semana, aula) VALUES (48, 'S01T', 6, 3, 6);
INSERT INTO horarios (id, turma_id, disciplina_id, dia_semana, aula) VALUES (49, 'S01T', 1, 4, 1);
INSERT INTO horarios (id, turma_id, disciplina_id, dia_semana, aula) VALUES (50, 'S01T', 2, 4, 2);
INSERT INTO horarios (id, turma_id, disciplina_id, dia_semana, aula) VALUES (51, 'S01T', 3, 4, 3);
INSERT INTO horarios (id, turma_id, disciplina_id, dia_semana, aula) VALUES (52, 'S01T', 4, 4, 4);
INSERT INTO horarios (id, turma_id, disciplina_id, dia_semana, aula) VALUES (53, 'S01T', 5, 4, 5);
INSERT INTO horarios (id, turma_id, disciplina_id, dia_semana, aula) VALUES (54, 'S01T', 6, 4, 6);
INSERT INTO horarios (id, turma_id, disciplina_id, dia_semana, aula) VALUES (55, 'S01T', 1, 5, 1);
INSERT INTO horarios (id, turma_id, disciplina_id, dia_semana, aula) VALUES (56, 'S01T', 2, 5, 2);
INSERT INTO horarios (id, turma_id, disciplina_id, dia_semana, aula) VALUES (57, 'S01T', 3, 5, 3);
INSERT INTO horarios (id, turma_id, disciplina_id, dia_semana, aula) VALUES (58, 'S01T', 4, 5, 4);
INSERT INTO horarios (id, turma_id, disciplina_id, dia_semana, aula) VALUES (59, 'S01T', 5, 5, 5);
INSERT INTO horarios (id, turma_id, disciplina_id, dia_semana, aula) VALUES (60, 'S01T', 6, 5, 6);
INSERT INTO horarios (id, turma_id, disciplina_id, dia_semana, aula) VALUES (61, 'S02M', 1, 1, 1);
INSERT INTO horarios (id, turma_id, disciplina_id, dia_semana, aula) VALUES (62, 'S02M', 2, 1, 2);
INSERT INTO horarios (id, turma_id, disciplina_id, dia_semana, aula) VALUES (63, 'S02M', 3, 1, 3);
INSERT INTO horarios (id, turma_id, disciplina_id, dia_semana, aula) VALUES (64, 'S02M', 4, 1, 4);
INSERT INTO horarios (id, turma_id, disciplina_id, dia_semana, aula) VALUES (65, 'S02M', 5, 1, 5);
INSERT INTO horarios (id, turma_id, disciplina_id, dia_semana, aula) VALUES (66, 'S02M', 6, 1, 6);
INSERT INTO horarios (id, turma_id, disciplina_id, dia_semana, aula) VALUES (67, 'S02M', 1, 2, 1);
INSERT INTO horarios (id, turma_id, disciplina_id, dia_semana, aula) VALUES (68, 'S02M', 2, 2, 2);
INSERT INTO horarios (id, turma_id, disciplina_id, dia_semana, aula) VALUES (69, 'S02M', 3, 2, 3);
INSERT INTO horarios (id, turma_id, disciplina_id, dia_semana, aula) VALUES (70, 'S02M', 4, 2, 4);
INSERT INTO horarios (id, turma_id, disciplina_id, dia_semana, aula) VALUES (71, 'S02M', 5, 2, 5);
INSERT INTO horarios (id, turma_id, disciplina_id, dia_semana, aula) VALUES (72, 'S02M', 6, 2, 6);
INSERT INTO horarios (id, turma_id, disciplina_id, dia_semana, aula) VALUES (73, 'S02M', 1, 3, 1);
INSERT INTO horarios (id, turma_id, disciplina_id, dia_semana, aula) VALUES (74, 'S02M', 2, 3, 2);
INSERT INTO horarios (id, turma_id, disciplina_id, dia_semana, aula) VALUES (75, 'S02M', 3, 3, 3);
INSERT INTO horarios (id, turma_id, disciplina_id, dia_semana, aula) VALUES (76, 'S02M', 4, 3, 4);
INSERT INTO horarios (id, turma_id, disciplina_id, dia_semana, aula) VALUES (77, 'S02M', 5, 3, 5);
INSERT INTO horarios (id, turma_id, disciplina_id, dia_semana, aula) VALUES (78, 'S02M', 6, 3, 6);
INSERT INTO horarios (id, turma_id, disciplina_id, dia_semana, aula) VALUES (79, 'S02M', 1, 4, 1);
INSERT INTO horarios (id, turma_id, disciplina_id, dia_semana, aula) VALUES (80, 'S02M', 2, 4, 2);
INSERT INTO horarios (id, turma_id, disciplina_id, dia_semana, aula) VALUES (81, 'S02M', 3, 4, 3);
INSERT INTO horarios (id, turma_id, disciplina_id, dia_semana, aula) VALUES (82, 'S02M', 4, 4, 4);
INSERT INTO horarios (id, turma_id, disciplina_id, dia_semana, aula) VALUES (83, 'S02M', 5, 4, 5);
INSERT INTO horarios (id, turma_id, disciplina_id, dia_semana, aula) VALUES (84, 'S02M', 6, 4, 6);
INSERT INTO horarios (id, turma_id, disciplina_id, dia_semana, aula) VALUES (85, 'S02M', 1, 5, 1);
INSERT INTO horarios (id, turma_id, disciplina_id, dia_semana, aula) VALUES (86, 'S02M', 2, 5, 2);
INSERT INTO horarios (id, turma_id, disciplina_id, dia_semana, aula) VALUES (87, 'S02M', 3, 5, 3);
INSERT INTO horarios (id, turma_id, disciplina_id, dia_semana, aula) VALUES (88, 'S02M', 4, 5, 4);
INSERT INTO horarios (id, turma_id, disciplina_id, dia_semana, aula) VALUES (89, 'S02M', 5, 5, 5);
INSERT INTO horarios (id, turma_id, disciplina_id, dia_semana, aula) VALUES (90, 'S02M', 6, 5, 6);
INSERT INTO horarios (id, turma_id, disciplina_id, dia_semana, aula) VALUES (91, 'S02T', 1, 1, 1);
INSERT INTO horarios (id, turma_id, disciplina_id, dia_semana, aula) VALUES (92, 'S02T', 2, 1, 2);
INSERT INTO horarios (id, turma_id, disciplina_id, dia_semana, aula) VALUES (93, 'S02T', 3, 1, 3);
INSERT INTO horarios (id, turma_id, disciplina_id, dia_semana, aula) VALUES (94, 'S02T', 4, 1, 4);
INSERT INTO horarios (id, turma_id, disciplina_id, dia_semana, aula) VALUES (95, 'S02T', 5, 1, 5);
INSERT INTO horarios (id, turma_id, disciplina_id, dia_semana, aula) VALUES (96, 'S02T', 6, 1, 6);
INSERT INTO horarios (id, turma_id, disciplina_id, dia_semana, aula) VALUES (97, 'S02T', 1, 2, 1);
INSERT INTO horarios (id, turma_id, disciplina_id, dia_semana, aula) VALUES (98, 'S02T', 2, 2, 2);
INSERT INTO horarios (id, turma_id, disciplina_id, dia_semana, aula) VALUES (99, 'S02T', 3, 2, 3);
INSERT INTO horarios (id, turma_id, disciplina_id, dia_semana, aula) VALUES (100, 'S02T', 4, 2, 4);
INSERT INTO horarios (id, turma_id, disciplina_id, dia_semana, aula) VALUES (101, 'S02T', 5, 2, 5);
INSERT INTO horarios (id, turma_id, disciplina_id, dia_semana, aula) VALUES (102, 'S02T', 6, 2, 6);
INSERT INTO horarios (id, turma_id, disciplina_id, dia_semana, aula) VALUES (103, 'S02T', 1, 3, 1);
INSERT INTO horarios (id, turma_id, disciplina_id, dia_semana, aula) VALUES (104, 'S02T', 2, 3, 2);
INSERT INTO horarios (id, turma_id, disciplina_id, dia_semana, aula) VALUES (105, 'S02T', 3, 3, 3);
INSERT INTO horarios (id, turma_id, disciplina_id, dia_semana, aula) VALUES (106, 'S02T', 4, 3, 4);
INSERT INTO horarios (id, turma_id, disciplina_id, dia_semana, aula) VALUES (107, 'S02T', 5, 3, 5);
INSERT INTO horarios (id, turma_id, disciplina_id, dia_semana, aula) VALUES (108, 'S02T', 6, 3, 6);
INSERT INTO horarios (id, turma_id, disciplina_id, dia_semana, aula) VALUES (109, 'S02T', 1, 4, 1);
INSERT INTO horarios (id, turma_id, disciplina_id, dia_semana, aula) VALUES (110, 'S02T', 2, 4, 2);
INSERT INTO horarios (id, turma_id, disciplina_id, dia_semana, aula) VALUES (111, 'S02T', 3, 4, 3);
INSERT INTO horarios (id, turma_id, disciplina_id, dia_semana, aula) VALUES (112, 'S02T', 4, 4, 4);
INSERT INTO horarios (id, turma_id, disciplina_id, dia_semana, aula) VALUES (113, 'S02T', 5, 4, 5);
INSERT INTO horarios (id, turma_id, disciplina_id, dia_semana, aula) VALUES (114, 'S02T', 6, 4, 6);
INSERT INTO horarios (id, turma_id, disciplina_id, dia_semana, aula) VALUES (115, 'S02T', 1, 5, 1);
INSERT INTO horarios (id, turma_id, disciplina_id, dia_semana, aula) VALUES (116, 'S02T', 2, 5, 2);
INSERT INTO horarios (id, turma_id, disciplina_id, dia_semana, aula) VALUES (117, 'S02T', 3, 5, 3);
INSERT INTO horarios (id, turma_id, disciplina_id, dia_semana, aula) VALUES (118, 'S02T', 4, 5, 4);
INSERT INTO horarios (id, turma_id, disciplina_id, dia_semana, aula) VALUES (119, 'S02T', 5, 5, 5);
INSERT INTO horarios (id, turma_id, disciplina_id, dia_semana, aula) VALUES (120, 'S02T', 6, 5, 6);
INSERT INTO horarios (id, turma_id, disciplina_id, dia_semana, aula) VALUES (121, 'S03M', 1, 1, 1);
INSERT INTO horarios (id, turma_id, disciplina_id, dia_semana, aula) VALUES (122, 'S03M', 2, 1, 2);
INSERT INTO horarios (id, turma_id, disciplina_id, dia_semana, aula) VALUES (123, 'S03M', 3, 1, 3);
INSERT INTO horarios (id, turma_id, disciplina_id, dia_semana, aula) VALUES (124, 'S03M', 4, 1, 4);
INSERT INTO horarios (id, turma_id, disciplina_id, dia_semana, aula) VALUES (125, 'S03M', 5, 1, 5);
INSERT INTO horarios (id, turma_id, disciplina_id, dia_semana, aula) VALUES (126, 'S03M', 6, 1, 6);
INSERT INTO horarios (id, turma_id, disciplina_id, dia_semana, aula) VALUES (127, 'S03M', 1, 2, 1);
INSERT INTO horarios (id, turma_id, disciplina_id, dia_semana, aula) VALUES (128, 'S03M', 2, 2, 2);
INSERT INTO horarios (id, turma_id, disciplina_id, dia_semana, aula) VALUES (129, 'S03M', 3, 2, 3);
INSERT INTO horarios (id, turma_id, disciplina_id, dia_semana, aula) VALUES (130, 'S03M', 4, 2, 4);
INSERT INTO horarios (id, turma_id, disciplina_id, dia_semana, aula) VALUES (131, 'S03M', 5, 2, 5);
INSERT INTO horarios (id, turma_id, disciplina_id, dia_semana, aula) VALUES (132, 'S03M', 6, 2, 6);
INSERT INTO horarios (id, turma_id, disciplina_id, dia_semana, aula) VALUES (133, 'S03M', 1, 3, 1);
INSERT INTO horarios (id, turma_id, disciplina_id, dia_semana, aula) VALUES (134, 'S03M', 2, 3, 2);
INSERT INTO horarios (id, turma_id, disciplina_id, dia_semana, aula) VALUES (135, 'S03M', 3, 3, 3);
INSERT INTO horarios (id, turma_id, disciplina_id, dia_semana, aula) VALUES (136, 'S03M', 4, 3, 4);
INSERT INTO horarios (id, turma_id, disciplina_id, dia_semana, aula) VALUES (137, 'S03M', 5, 3, 5);
INSERT INTO horarios (id, turma_id, disciplina_id, dia_semana, aula) VALUES (138, 'S03M', 6, 3, 6);
INSERT INTO horarios (id, turma_id, disciplina_id, dia_semana, aula) VALUES (139, 'S03M', 1, 4, 1);
INSERT INTO horarios (id, turma_id, disciplina_id, dia_semana, aula) VALUES (140, 'S03M', 2, 4, 2);
INSERT INTO horarios (id, turma_id, disciplina_id, dia_semana, aula) VALUES (141, 'S03M', 3, 4, 3);
INSERT INTO horarios (id, turma_id, disciplina_id, dia_semana, aula) VALUES (142, 'S03M', 4, 4, 4);
INSERT INTO horarios (id, turma_id, disciplina_id, dia_semana, aula) VALUES (143, 'S03M', 5, 4, 5);
INSERT INTO horarios (id, turma_id, disciplina_id, dia_semana, aula) VALUES (144, 'S03M', 6, 4, 6);
INSERT INTO horarios (id, turma_id, disciplina_id, dia_semana, aula) VALUES (145, 'S03M', 1, 5, 1);
INSERT INTO horarios (id, turma_id, disciplina_id, dia_semana, aula) VALUES (146, 'S03M', 2, 5, 2);
INSERT INTO horarios (id, turma_id, disciplina_id, dia_semana, aula) VALUES (147, 'S03M', 3, 5, 3);
INSERT INTO horarios (id, turma_id, disciplina_id, dia_semana, aula) VALUES (148, 'S03M', 4, 5, 4);
INSERT INTO horarios (id, turma_id, disciplina_id, dia_semana, aula) VALUES (149, 'S03M', 5, 5, 5);
INSERT INTO horarios (id, turma_id, disciplina_id, dia_semana, aula) VALUES (150, 'S03M', 6, 5, 6);
INSERT INTO horarios (id, turma_id, disciplina_id, dia_semana, aula) VALUES (151, 'S03T', 1, 1, 1);
INSERT INTO horarios (id, turma_id, disciplina_id, dia_semana, aula) VALUES (152, 'S03T', 2, 1, 2);
INSERT INTO horarios (id, turma_id, disciplina_id, dia_semana, aula) VALUES (153, 'S03T', 3, 1, 3);
INSERT INTO horarios (id, turma_id, disciplina_id, dia_semana, aula) VALUES (154, 'S03T', 4, 1, 4);
INSERT INTO horarios (id, turma_id, disciplina_id, dia_semana, aula) VALUES (155, 'S03T', 5, 1, 5);
INSERT INTO horarios (id, turma_id, disciplina_id, dia_semana, aula) VALUES (156, 'S03T', 6, 1, 6);
INSERT INTO horarios (id, turma_id, disciplina_id, dia_semana, aula) VALUES (157, 'S03T', 1, 2, 1);
INSERT INTO horarios (id, turma_id, disciplina_id, dia_semana, aula) VALUES (158, 'S03T', 2, 2, 2);
INSERT INTO horarios (id, turma_id, disciplina_id, dia_semana, aula) VALUES (159, 'S03T', 3, 2, 3);
INSERT INTO horarios (id, turma_id, disciplina_id, dia_semana, aula) VALUES (160, 'S03T', 4, 2, 4);
INSERT INTO horarios (id, turma_id, disciplina_id, dia_semana, aula) VALUES (161, 'S03T', 5, 2, 5);
INSERT INTO horarios (id, turma_id, disciplina_id, dia_semana, aula) VALUES (162, 'S03T', 6, 2, 6);
INSERT INTO horarios (id, turma_id, disciplina_id, dia_semana, aula) VALUES (163, 'S03T', 1, 3, 1);
INSERT INTO horarios (id, turma_id, disciplina_id, dia_semana, aula) VALUES (164, 'S03T', 2, 3, 2);
INSERT INTO horarios (id, turma_id, disciplina_id, dia_semana, aula) VALUES (165, 'S03T', 3, 3, 3);
INSERT INTO horarios (id, turma_id, disciplina_id, dia_semana, aula) VALUES (166, 'S03T', 4, 3, 4);
INSERT INTO horarios (id, turma_id, disciplina_id, dia_semana, aula) VALUES (167, 'S03T', 5, 3, 5);
INSERT INTO horarios (id, turma_id, disciplina_id, dia_semana, aula) VALUES (168, 'S03T', 6, 3, 6);
INSERT INTO horarios (id, turma_id, disciplina_id, dia_semana, aula) VALUES (169, 'S03T', 1, 4, 1);
INSERT INTO horarios (id, turma_id, disciplina_id, dia_semana, aula) VALUES (170, 'S03T', 2, 4, 2);
INSERT INTO horarios (id, turma_id, disciplina_id, dia_semana, aula) VALUES (171, 'S03T', 3, 4, 3);
INSERT INTO horarios (id, turma_id, disciplina_id, dia_semana, aula) VALUES (172, 'S03T', 4, 4, 4);
INSERT INTO horarios (id, turma_id, disciplina_id, dia_semana, aula) VALUES (173, 'S03T', 5, 4, 5);
INSERT INTO horarios (id, turma_id, disciplina_id, dia_semana, aula) VALUES (174, 'S03T', 6, 4, 6);
INSERT INTO horarios (id, turma_id, disciplina_id, dia_semana, aula) VALUES (175, 'S03T', 1, 5, 1);
INSERT INTO horarios (id, turma_id, disciplina_id, dia_semana, aula) VALUES (176, 'S03T', 2, 5, 2);
INSERT INTO horarios (id, turma_id, disciplina_id, dia_semana, aula) VALUES (177, 'S03T', 3, 5, 3);
INSERT INTO horarios (id, turma_id, disciplina_id, dia_semana, aula) VALUES (178, 'S03T', 4, 5, 4);
INSERT INTO horarios (id, turma_id, disciplina_id, dia_semana, aula) VALUES (179, 'S03T', 5, 5, 5);
INSERT INTO horarios (id, turma_id, disciplina_id, dia_semana, aula) VALUES (180, 'S03T', 6, 5, 6);
INSERT INTO horarios (id, turma_id, disciplina_id, dia_semana, aula) VALUES (181, 'S04M', 1, 1, 1);
INSERT INTO horarios (id, turma_id, disciplina_id, dia_semana, aula) VALUES (182, 'S04M', 2, 1, 2);
INSERT INTO horarios (id, turma_id, disciplina_id, dia_semana, aula) VALUES (183, 'S04M', 3, 1, 3);
INSERT INTO horarios (id, turma_id, disciplina_id, dia_semana, aula) VALUES (184, 'S04M', 4, 1, 4);
INSERT INTO horarios (id, turma_id, disciplina_id, dia_semana, aula) VALUES (185, 'S04M', 5, 1, 5);
INSERT INTO horarios (id, turma_id, disciplina_id, dia_semana, aula) VALUES (186, 'S04M', 6, 1, 6);
INSERT INTO horarios (id, turma_id, disciplina_id, dia_semana, aula) VALUES (187, 'S04M', 1, 2, 1);
INSERT INTO horarios (id, turma_id, disciplina_id, dia_semana, aula) VALUES (188, 'S04M', 2, 2, 2);
INSERT INTO horarios (id, turma_id, disciplina_id, dia_semana, aula) VALUES (189, 'S04M', 3, 2, 3);
INSERT INTO horarios (id, turma_id, disciplina_id, dia_semana, aula) VALUES (190, 'S04M', 4, 2, 4);
INSERT INTO horarios (id, turma_id, disciplina_id, dia_semana, aula) VALUES (191, 'S04M', 5, 2, 5);
INSERT INTO horarios (id, turma_id, disciplina_id, dia_semana, aula) VALUES (192, 'S04M', 6, 2, 6);
INSERT INTO horarios (id, turma_id, disciplina_id, dia_semana, aula) VALUES (193, 'S04M', 1, 3, 1);
INSERT INTO horarios (id, turma_id, disciplina_id, dia_semana, aula) VALUES (194, 'S04M', 2, 3, 2);
INSERT INTO horarios (id, turma_id, disciplina_id, dia_semana, aula) VALUES (195, 'S04M', 3, 3, 3);
INSERT INTO horarios (id, turma_id, disciplina_id, dia_semana, aula) VALUES (196, 'S04M', 4, 3, 4);
INSERT INTO horarios (id, turma_id, disciplina_id, dia_semana, aula) VALUES (197, 'S04M', 5, 3, 5);
INSERT INTO horarios (id, turma_id, disciplina_id, dia_semana, aula) VALUES (198, 'S04M', 6, 3, 6);
INSERT INTO horarios (id, turma_id, disciplina_id, dia_semana, aula) VALUES (199, 'S04M', 1, 4, 1);
INSERT INTO horarios (id, turma_id, disciplina_id, dia_semana, aula) VALUES (200, 'S04M', 2, 4, 2);
INSERT INTO horarios (id, turma_id, disciplina_id, dia_semana, aula) VALUES (201, 'S04M', 3, 4, 3);
INSERT INTO horarios (id, turma_id, disciplina_id, dia_semana, aula) VALUES (202, 'S04M', 4, 4, 4);
INSERT INTO horarios (id, turma_id, disciplina_id, dia_semana, aula) VALUES (203, 'S04M', 5, 4, 5);
INSERT INTO horarios (id, turma_id, disciplina_id, dia_semana, aula) VALUES (204, 'S04M', 6, 4, 6);
INSERT INTO horarios (id, turma_id, disciplina_id, dia_semana, aula) VALUES (205, 'S04M', 1, 5, 1);
INSERT INTO horarios (id, turma_id, disciplina_id, dia_semana, aula) VALUES (206, 'S04M', 2, 5, 2);
INSERT INTO horarios (id, turma_id, disciplina_id, dia_semana, aula) VALUES (207, 'S04M', 3, 5, 3);
INSERT INTO horarios (id, turma_id, disciplina_id, dia_semana, aula) VALUES (208, 'S04M', 4, 5, 4);
INSERT INTO horarios (id, turma_id, disciplina_id, dia_semana, aula) VALUES (209, 'S04M', 5, 5, 5);
INSERT INTO horarios (id, turma_id, disciplina_id, dia_semana, aula) VALUES (210, 'S04M', 6, 5, 6);
INSERT INTO horarios (id, turma_id, disciplina_id, dia_semana, aula) VALUES (211, 'S04T', 1, 1, 1);
INSERT INTO horarios (id, turma_id, disciplina_id, dia_semana, aula) VALUES (212, 'S04T', 2, 1, 2);
INSERT INTO horarios (id, turma_id, disciplina_id, dia_semana, aula) VALUES (213, 'S04T', 3, 1, 3);
INSERT INTO horarios (id, turma_id, disciplina_id, dia_semana, aula) VALUES (214, 'S04T', 4, 1, 4);
INSERT INTO horarios (id, turma_id, disciplina_id, dia_semana, aula) VALUES (215, 'S04T', 5, 1, 5);
INSERT INTO horarios (id, turma_id, disciplina_id, dia_semana, aula) VALUES (216, 'S04T', 6, 1, 6);
INSERT INTO horarios (id, turma_id, disciplina_id, dia_semana, aula) VALUES (217, 'S04T', 1, 2, 1);
INSERT INTO horarios (id, turma_id, disciplina_id, dia_semana, aula) VALUES (218, 'S04T', 2, 2, 2);
INSERT INTO horarios (id, turma_id, disciplina_id, dia_semana, aula) VALUES (219, 'S04T', 3, 2, 3);
INSERT INTO horarios (id, turma_id, disciplina_id, dia_semana, aula) VALUES (220, 'S04T', 4, 2, 4);
INSERT INTO horarios (id, turma_id, disciplina_id, dia_semana, aula) VALUES (221, 'S04T', 5, 2, 5);
INSERT INTO horarios (id, turma_id, disciplina_id, dia_semana, aula) VALUES (222, 'S04T', 6, 2, 6);
INSERT INTO horarios (id, turma_id, disciplina_id, dia_semana, aula) VALUES (223, 'S04T', 1, 3, 1);
INSERT INTO horarios (id, turma_id, disciplina_id, dia_semana, aula) VALUES (224, 'S04T', 2, 3, 2);
INSERT INTO horarios (id, turma_id, disciplina_id, dia_semana, aula) VALUES (225, 'S04T', 3, 3, 3);
INSERT INTO horarios (id, turma_id, disciplina_id, dia_semana, aula) VALUES (226, 'S04T', 4, 3, 4);
INSERT INTO horarios (id, turma_id, disciplina_id, dia_semana, aula) VALUES (227, 'S04T', 5, 3, 5);
INSERT INTO horarios (id, turma_id, disciplina_id, dia_semana, aula) VALUES (228, 'S04T', 6, 3, 6);
INSERT INTO horarios (id, turma_id, disciplina_id, dia_semana, aula) VALUES (229, 'S04T', 1, 4, 1);
INSERT INTO horarios (id, turma_id, disciplina_id, dia_semana, aula) VALUES (230, 'S04T', 2, 4, 2);
INSERT INTO horarios (id, turma_id, disciplina_id, dia_semana, aula) VALUES (231, 'S04T', 3, 4, 3);
INSERT INTO horarios (id, turma_id, disciplina_id, dia_semana, aula) VALUES (232, 'S04T', 4, 4, 4);
INSERT INTO horarios (id, turma_id, disciplina_id, dia_semana, aula) VALUES (233, 'S04T', 5, 4, 5);
INSERT INTO horarios (id, turma_id, disciplina_id, dia_semana, aula) VALUES (234, 'S04T', 6, 4, 6);
INSERT INTO horarios (id, turma_id, disciplina_id, dia_semana, aula) VALUES (235, 'S04T', 1, 5, 1);
INSERT INTO horarios (id, turma_id, disciplina_id, dia_semana, aula) VALUES (236, 'S04T', 2, 5, 2);
INSERT INTO horarios (id, turma_id, disciplina_id, dia_semana, aula) VALUES (237, 'S04T', 3, 5, 3);
INSERT INTO horarios (id, turma_id, disciplina_id, dia_semana, aula) VALUES (238, 'S04T', 4, 5, 4);
INSERT INTO horarios (id, turma_id, disciplina_id, dia_semana, aula) VALUES (239, 'S04T', 5, 5, 5);
INSERT INTO horarios (id, turma_id, disciplina_id, dia_semana, aula) VALUES (240, 'S04T', 6, 5, 6);
INSERT INTO horarios (id, turma_id, disciplina_id, dia_semana, aula) VALUES (241, 'S05M', 1, 1, 1);
INSERT INTO horarios (id, turma_id, disciplina_id, dia_semana, aula) VALUES (242, 'S05M', 2, 1, 2);
INSERT INTO horarios (id, turma_id, disciplina_id, dia_semana, aula) VALUES (243, 'S05M', 3, 1, 3);
INSERT INTO horarios (id, turma_id, disciplina_id, dia_semana, aula) VALUES (244, 'S05M', 5, 1, 4);
INSERT INTO horarios (id, turma_id, disciplina_id, dia_semana, aula) VALUES (245, 'S05M', 6, 1, 5);
INSERT INTO horarios (id, turma_id, disciplina_id, dia_semana, aula) VALUES (246, 'S05M', 7, 1, 6);
INSERT INTO horarios (id, turma_id, disciplina_id, dia_semana, aula) VALUES (247, 'S05M', 8, 2, 1);
INSERT INTO horarios (id, turma_id, disciplina_id, dia_semana, aula) VALUES (248, 'S05M', 9, 2, 2);
INSERT INTO horarios (id, turma_id, disciplina_id, dia_semana, aula) VALUES (249, 'S05M', 10, 2, 3);
INSERT INTO horarios (id, turma_id, disciplina_id, dia_semana, aula) VALUES (250, 'S05M', 11, 2, 4);
INSERT INTO horarios (id, turma_id, disciplina_id, dia_semana, aula) VALUES (251, 'S05M', 1, 2, 5);
INSERT INTO horarios (id, turma_id, disciplina_id, dia_semana, aula) VALUES (252, 'S05M', 2, 2, 6);
INSERT INTO horarios (id, turma_id, disciplina_id, dia_semana, aula) VALUES (253, 'S05M', 3, 3, 1);
INSERT INTO horarios (id, turma_id, disciplina_id, dia_semana, aula) VALUES (254, 'S05M', 5, 3, 2);
INSERT INTO horarios (id, turma_id, disciplina_id, dia_semana, aula) VALUES (255, 'S05M', 6, 3, 3);
INSERT INTO horarios (id, turma_id, disciplina_id, dia_semana, aula) VALUES (256, 'S05M', 7, 3, 4);
INSERT INTO horarios (id, turma_id, disciplina_id, dia_semana, aula) VALUES (257, 'S05M', 8, 3, 5);
INSERT INTO horarios (id, turma_id, disciplina_id, dia_semana, aula) VALUES (258, 'S05M', 9, 3, 6);
INSERT INTO horarios (id, turma_id, disciplina_id, dia_semana, aula) VALUES (259, 'S05M', 10, 4, 1);
INSERT INTO horarios (id, turma_id, disciplina_id, dia_semana, aula) VALUES (260, 'S05M', 11, 4, 2);
INSERT INTO horarios (id, turma_id, disciplina_id, dia_semana, aula) VALUES (261, 'S05M', 1, 4, 3);
INSERT INTO horarios (id, turma_id, disciplina_id, dia_semana, aula) VALUES (262, 'S05M', 2, 4, 4);
INSERT INTO horarios (id, turma_id, disciplina_id, dia_semana, aula) VALUES (263, 'S05M', 3, 4, 5);
INSERT INTO horarios (id, turma_id, disciplina_id, dia_semana, aula) VALUES (264, 'S05M', 5, 4, 6);
INSERT INTO horarios (id, turma_id, disciplina_id, dia_semana, aula) VALUES (265, 'S05M', 6, 5, 1);
INSERT INTO horarios (id, turma_id, disciplina_id, dia_semana, aula) VALUES (266, 'S05M', 7, 5, 2);
INSERT INTO horarios (id, turma_id, disciplina_id, dia_semana, aula) VALUES (267, 'S05M', 8, 5, 3);
INSERT INTO horarios (id, turma_id, disciplina_id, dia_semana, aula) VALUES (268, 'S05M', 9, 5, 4);
INSERT INTO horarios (id, turma_id, disciplina_id, dia_semana, aula) VALUES (269, 'S05M', 10, 5, 5);
INSERT INTO horarios (id, turma_id, disciplina_id, dia_semana, aula) VALUES (270, 'S05M', 11, 5, 6);
INSERT INTO horarios (id, turma_id, disciplina_id, dia_semana, aula) VALUES (271, 'S05T', 1, 1, 1);
INSERT INTO horarios (id, turma_id, disciplina_id, dia_semana, aula) VALUES (272, 'S05T', 2, 1, 2);
INSERT INTO horarios (id, turma_id, disciplina_id, dia_semana, aula) VALUES (273, 'S05T', 3, 1, 3);
INSERT INTO horarios (id, turma_id, disciplina_id, dia_semana, aula) VALUES (274, 'S05T', 5, 1, 4);
INSERT INTO horarios (id, turma_id, disciplina_id, dia_semana, aula) VALUES (275, 'S05T', 6, 1, 5);
INSERT INTO horarios (id, turma_id, disciplina_id, dia_semana, aula) VALUES (276, 'S05T', 7, 1, 6);
INSERT INTO horarios (id, turma_id, disciplina_id, dia_semana, aula) VALUES (277, 'S05T', 8, 2, 1);
INSERT INTO horarios (id, turma_id, disciplina_id, dia_semana, aula) VALUES (278, 'S05T', 9, 2, 2);
INSERT INTO horarios (id, turma_id, disciplina_id, dia_semana, aula) VALUES (279, 'S05T', 10, 2, 3);
INSERT INTO horarios (id, turma_id, disciplina_id, dia_semana, aula) VALUES (280, 'S05T', 11, 2, 4);
INSERT INTO horarios (id, turma_id, disciplina_id, dia_semana, aula) VALUES (281, 'S05T', 1, 2, 5);
INSERT INTO horarios (id, turma_id, disciplina_id, dia_semana, aula) VALUES (282, 'S05T', 2, 2, 6);
INSERT INTO horarios (id, turma_id, disciplina_id, dia_semana, aula) VALUES (283, 'S05T', 3, 3, 1);
INSERT INTO horarios (id, turma_id, disciplina_id, dia_semana, aula) VALUES (284, 'S05T', 5, 3, 2);
INSERT INTO horarios (id, turma_id, disciplina_id, dia_semana, aula) VALUES (285, 'S05T', 6, 3, 3);
INSERT INTO horarios (id, turma_id, disciplina_id, dia_semana, aula) VALUES (286, 'S05T', 7, 3, 4);
INSERT INTO horarios (id, turma_id, disciplina_id, dia_semana, aula) VALUES (287, 'S05T', 8, 3, 5);
INSERT INTO horarios (id, turma_id, disciplina_id, dia_semana, aula) VALUES (288, 'S05T', 9, 3, 6);
INSERT INTO horarios (id, turma_id, disciplina_id, dia_semana, aula) VALUES (289, 'S05T', 10, 4, 1);
INSERT INTO horarios (id, turma_id, disciplina_id, dia_semana, aula) VALUES (290, 'S05T', 11, 4, 2);
INSERT INTO horarios (id, turma_id, disciplina_id, dia_semana, aula) VALUES (291, 'S05T', 1, 4, 3);
INSERT INTO horarios (id, turma_id, disciplina_id, dia_semana, aula) VALUES (292, 'S05T', 2, 4, 4);
INSERT INTO horarios (id, turma_id, disciplina_id, dia_semana, aula) VALUES (293, 'S05T', 3, 4, 5);
INSERT INTO horarios (id, turma_id, disciplina_id, dia_semana, aula) VALUES (294, 'S05T', 5, 4, 6);
INSERT INTO horarios (id, turma_id, disciplina_id, dia_semana, aula) VALUES (295, 'S05T', 6, 5, 1);
INSERT INTO horarios (id, turma_id, disciplina_id, dia_semana, aula) VALUES (296, 'S05T', 7, 5, 2);
INSERT INTO horarios (id, turma_id, disciplina_id, dia_semana, aula) VALUES (297, 'S05T', 8, 5, 3);
INSERT INTO horarios (id, turma_id, disciplina_id, dia_semana, aula) VALUES (298, 'S05T', 9, 5, 4);
INSERT INTO horarios (id, turma_id, disciplina_id, dia_semana, aula) VALUES (299, 'S05T', 10, 5, 5);
INSERT INTO horarios (id, turma_id, disciplina_id, dia_semana, aula) VALUES (300, 'S05T', 11, 5, 6);
INSERT INTO horarios (id, turma_id, disciplina_id, dia_semana, aula) VALUES (301, 'S06M', 1, 1, 1);
INSERT INTO horarios (id, turma_id, disciplina_id, dia_semana, aula) VALUES (302, 'S06M', 2, 1, 2);
INSERT INTO horarios (id, turma_id, disciplina_id, dia_semana, aula) VALUES (303, 'S06M', 3, 1, 3);
INSERT INTO horarios (id, turma_id, disciplina_id, dia_semana, aula) VALUES (304, 'S06M', 5, 1, 4);
INSERT INTO horarios (id, turma_id, disciplina_id, dia_semana, aula) VALUES (305, 'S06M', 6, 1, 5);
INSERT INTO horarios (id, turma_id, disciplina_id, dia_semana, aula) VALUES (306, 'S06M', 7, 1, 6);
INSERT INTO horarios (id, turma_id, disciplina_id, dia_semana, aula) VALUES (307, 'S06M', 8, 2, 1);
INSERT INTO horarios (id, turma_id, disciplina_id, dia_semana, aula) VALUES (308, 'S06M', 9, 2, 2);
INSERT INTO horarios (id, turma_id, disciplina_id, dia_semana, aula) VALUES (309, 'S06M', 10, 2, 3);
INSERT INTO horarios (id, turma_id, disciplina_id, dia_semana, aula) VALUES (310, 'S06M', 11, 2, 4);
INSERT INTO horarios (id, turma_id, disciplina_id, dia_semana, aula) VALUES (311, 'S06M', 1, 2, 5);
INSERT INTO horarios (id, turma_id, disciplina_id, dia_semana, aula) VALUES (312, 'S06M', 2, 2, 6);
INSERT INTO horarios (id, turma_id, disciplina_id, dia_semana, aula) VALUES (313, 'S06M', 3, 3, 1);
INSERT INTO horarios (id, turma_id, disciplina_id, dia_semana, aula) VALUES (314, 'S06M', 5, 3, 2);
INSERT INTO horarios (id, turma_id, disciplina_id, dia_semana, aula) VALUES (315, 'S06M', 6, 3, 3);
INSERT INTO horarios (id, turma_id, disciplina_id, dia_semana, aula) VALUES (316, 'S06M', 7, 3, 4);
INSERT INTO horarios (id, turma_id, disciplina_id, dia_semana, aula) VALUES (317, 'S06M', 8, 3, 5);
INSERT INTO horarios (id, turma_id, disciplina_id, dia_semana, aula) VALUES (318, 'S06M', 9, 3, 6);
INSERT INTO horarios (id, turma_id, disciplina_id, dia_semana, aula) VALUES (319, 'S06M', 10, 4, 1);
INSERT INTO horarios (id, turma_id, disciplina_id, dia_semana, aula) VALUES (320, 'S06M', 11, 4, 2);
INSERT INTO horarios (id, turma_id, disciplina_id, dia_semana, aula) VALUES (321, 'S06M', 1, 4, 3);
INSERT INTO horarios (id, turma_id, disciplina_id, dia_semana, aula) VALUES (322, 'S06M', 2, 4, 4);
INSERT INTO horarios (id, turma_id, disciplina_id, dia_semana, aula) VALUES (323, 'S06M', 3, 4, 5);
INSERT INTO horarios (id, turma_id, disciplina_id, dia_semana, aula) VALUES (324, 'S06M', 5, 4, 6);
INSERT INTO horarios (id, turma_id, disciplina_id, dia_semana, aula) VALUES (325, 'S06M', 6, 5, 1);
INSERT INTO horarios (id, turma_id, disciplina_id, dia_semana, aula) VALUES (326, 'S06M', 7, 5, 2);
INSERT INTO horarios (id, turma_id, disciplina_id, dia_semana, aula) VALUES (327, 'S06M', 8, 5, 3);
INSERT INTO horarios (id, turma_id, disciplina_id, dia_semana, aula) VALUES (328, 'S06M', 9, 5, 4);
INSERT INTO horarios (id, turma_id, disciplina_id, dia_semana, aula) VALUES (329, 'S06M', 10, 5, 5);
INSERT INTO horarios (id, turma_id, disciplina_id, dia_semana, aula) VALUES (330, 'S06M', 11, 5, 6);
INSERT INTO horarios (id, turma_id, disciplina_id, dia_semana, aula) VALUES (331, 'S06T', 1, 1, 1);
INSERT INTO horarios (id, turma_id, disciplina_id, dia_semana, aula) VALUES (332, 'S06T', 2, 1, 2);
INSERT INTO horarios (id, turma_id, disciplina_id, dia_semana, aula) VALUES (333, 'S06T', 3, 1, 3);
INSERT INTO horarios (id, turma_id, disciplina_id, dia_semana, aula) VALUES (334, 'S06T', 5, 1, 4);
INSERT INTO horarios (id, turma_id, disciplina_id, dia_semana, aula) VALUES (335, 'S06T', 6, 1, 5);
INSERT INTO horarios (id, turma_id, disciplina_id, dia_semana, aula) VALUES (336, 'S06T', 7, 1, 6);
INSERT INTO horarios (id, turma_id, disciplina_id, dia_semana, aula) VALUES (337, 'S06T', 8, 2, 1);
INSERT INTO horarios (id, turma_id, disciplina_id, dia_semana, aula) VALUES (338, 'S06T', 9, 2, 2);
INSERT INTO horarios (id, turma_id, disciplina_id, dia_semana, aula) VALUES (339, 'S06T', 10, 2, 3);
INSERT INTO horarios (id, turma_id, disciplina_id, dia_semana, aula) VALUES (340, 'S06T', 11, 2, 4);
INSERT INTO horarios (id, turma_id, disciplina_id, dia_semana, aula) VALUES (341, 'S06T', 1, 2, 5);
INSERT INTO horarios (id, turma_id, disciplina_id, dia_semana, aula) VALUES (342, 'S06T', 2, 2, 6);
INSERT INTO horarios (id, turma_id, disciplina_id, dia_semana, aula) VALUES (343, 'S06T', 3, 3, 1);
INSERT INTO horarios (id, turma_id, disciplina_id, dia_semana, aula) VALUES (344, 'S06T', 5, 3, 2);
INSERT INTO horarios (id, turma_id, disciplina_id, dia_semana, aula) VALUES (345, 'S06T', 6, 3, 3);
INSERT INTO horarios (id, turma_id, disciplina_id, dia_semana, aula) VALUES (346, 'S06T', 7, 3, 4);
INSERT INTO horarios (id, turma_id, disciplina_id, dia_semana, aula) VALUES (347, 'S06T', 8, 3, 5);
INSERT INTO horarios (id, turma_id, disciplina_id, dia_semana, aula) VALUES (348, 'S06T', 9, 3, 6);
INSERT INTO horarios (id, turma_id, disciplina_id, dia_semana, aula) VALUES (349, 'S06T', 10, 4, 1);
INSERT INTO horarios (id, turma_id, disciplina_id, dia_semana, aula) VALUES (350, 'S06T', 11, 4, 2);
INSERT INTO horarios (id, turma_id, disciplina_id, dia_semana, aula) VALUES (351, 'S06T', 1, 4, 3);
INSERT INTO horarios (id, turma_id, disciplina_id, dia_semana, aula) VALUES (352, 'S06T', 2, 4, 4);
INSERT INTO horarios (id, turma_id, disciplina_id, dia_semana, aula) VALUES (353, 'S06T', 3, 4, 5);
INSERT INTO horarios (id, turma_id, disciplina_id, dia_semana, aula) VALUES (354, 'S06T', 5, 4, 6);
INSERT INTO horarios (id, turma_id, disciplina_id, dia_semana, aula) VALUES (355, 'S06T', 6, 5, 1);
INSERT INTO horarios (id, turma_id, disciplina_id, dia_semana, aula) VALUES (356, 'S06T', 7, 5, 2);
INSERT INTO horarios (id, turma_id, disciplina_id, dia_semana, aula) VALUES (357, 'S06T', 8, 5, 3);
INSERT INTO horarios (id, turma_id, disciplina_id, dia_semana, aula) VALUES (358, 'S06T', 9, 5, 4);
INSERT INTO horarios (id, turma_id, disciplina_id, dia_semana, aula) VALUES (359, 'S06T', 10, 5, 5);
INSERT INTO horarios (id, turma_id, disciplina_id, dia_semana, aula) VALUES (360, 'S06T', 11, 5, 6);
INSERT INTO horarios (id, turma_id, disciplina_id, dia_semana, aula) VALUES (361, 'S07M', 1, 1, 1);
INSERT INTO horarios (id, turma_id, disciplina_id, dia_semana, aula) VALUES (362, 'S07M', 2, 1, 2);
INSERT INTO horarios (id, turma_id, disciplina_id, dia_semana, aula) VALUES (363, 'S07M', 3, 1, 3);
INSERT INTO horarios (id, turma_id, disciplina_id, dia_semana, aula) VALUES (364, 'S07M', 8, 1, 4);
INSERT INTO horarios (id, turma_id, disciplina_id, dia_semana, aula) VALUES (365, 'S07M', 9, 1, 5);
INSERT INTO horarios (id, turma_id, disciplina_id, dia_semana, aula) VALUES (366, 'S07M', 10, 1, 6);
INSERT INTO horarios (id, turma_id, disciplina_id, dia_semana, aula) VALUES (367, 'S07M', 11, 2, 1);
INSERT INTO horarios (id, turma_id, disciplina_id, dia_semana, aula) VALUES (368, 'S07M', 12, 2, 2);
INSERT INTO horarios (id, turma_id, disciplina_id, dia_semana, aula) VALUES (369, 'S07M', 13, 2, 3);
INSERT INTO horarios (id, turma_id, disciplina_id, dia_semana, aula) VALUES (370, 'S07M', 14, 2, 4);
INSERT INTO horarios (id, turma_id, disciplina_id, dia_semana, aula) VALUES (371, 'S07M', 15, 2, 5);
INSERT INTO horarios (id, turma_id, disciplina_id, dia_semana, aula) VALUES (372, 'S07M', 1, 2, 6);
INSERT INTO horarios (id, turma_id, disciplina_id, dia_semana, aula) VALUES (373, 'S07M', 2, 3, 1);
INSERT INTO horarios (id, turma_id, disciplina_id, dia_semana, aula) VALUES (374, 'S07M', 3, 3, 2);
INSERT INTO horarios (id, turma_id, disciplina_id, dia_semana, aula) VALUES (375, 'S07M', 8, 3, 3);
INSERT INTO horarios (id, turma_id, disciplina_id, dia_semana, aula) VALUES (376, 'S07M', 9, 3, 4);
INSERT INTO horarios (id, turma_id, disciplina_id, dia_semana, aula) VALUES (377, 'S07M', 10, 3, 5);
INSERT INTO horarios (id, turma_id, disciplina_id, dia_semana, aula) VALUES (378, 'S07M', 11, 3, 6);
INSERT INTO horarios (id, turma_id, disciplina_id, dia_semana, aula) VALUES (379, 'S07M', 12, 4, 1);
INSERT INTO horarios (id, turma_id, disciplina_id, dia_semana, aula) VALUES (380, 'S07M', 13, 4, 2);
INSERT INTO horarios (id, turma_id, disciplina_id, dia_semana, aula) VALUES (381, 'S07M', 14, 4, 3);
INSERT INTO horarios (id, turma_id, disciplina_id, dia_semana, aula) VALUES (382, 'S07M', 15, 4, 4);
INSERT INTO horarios (id, turma_id, disciplina_id, dia_semana, aula) VALUES (383, 'S07M', 1, 4, 5);
INSERT INTO horarios (id, turma_id, disciplina_id, dia_semana, aula) VALUES (384, 'S07M', 2, 4, 6);
INSERT INTO horarios (id, turma_id, disciplina_id, dia_semana, aula) VALUES (385, 'S07M', 3, 5, 1);
INSERT INTO horarios (id, turma_id, disciplina_id, dia_semana, aula) VALUES (386, 'S07M', 8, 5, 2);
INSERT INTO horarios (id, turma_id, disciplina_id, dia_semana, aula) VALUES (387, 'S07M', 9, 5, 3);
INSERT INTO horarios (id, turma_id, disciplina_id, dia_semana, aula) VALUES (388, 'S07M', 10, 5, 4);
INSERT INTO horarios (id, turma_id, disciplina_id, dia_semana, aula) VALUES (389, 'S07M', 11, 5, 5);
INSERT INTO horarios (id, turma_id, disciplina_id, dia_semana, aula) VALUES (390, 'S07M', 12, 5, 6);
INSERT INTO horarios (id, turma_id, disciplina_id, dia_semana, aula) VALUES (391, 'S07T', 1, 1, 1);
INSERT INTO horarios (id, turma_id, disciplina_id, dia_semana, aula) VALUES (392, 'S07T', 2, 1, 2);
INSERT INTO horarios (id, turma_id, disciplina_id, dia_semana, aula) VALUES (393, 'S07T', 3, 1, 3);
INSERT INTO horarios (id, turma_id, disciplina_id, dia_semana, aula) VALUES (394, 'S07T', 8, 1, 4);
INSERT INTO horarios (id, turma_id, disciplina_id, dia_semana, aula) VALUES (395, 'S07T', 9, 1, 5);
INSERT INTO horarios (id, turma_id, disciplina_id, dia_semana, aula) VALUES (396, 'S07T', 10, 1, 6);
INSERT INTO horarios (id, turma_id, disciplina_id, dia_semana, aula) VALUES (397, 'S07T', 11, 2, 1);
INSERT INTO horarios (id, turma_id, disciplina_id, dia_semana, aula) VALUES (398, 'S07T', 12, 2, 2);
INSERT INTO horarios (id, turma_id, disciplina_id, dia_semana, aula) VALUES (399, 'S07T', 13, 2, 3);
INSERT INTO horarios (id, turma_id, disciplina_id, dia_semana, aula) VALUES (400, 'S07T', 14, 2, 4);
INSERT INTO horarios (id, turma_id, disciplina_id, dia_semana, aula) VALUES (401, 'S07T', 15, 2, 5);
INSERT INTO horarios (id, turma_id, disciplina_id, dia_semana, aula) VALUES (402, 'S07T', 1, 2, 6);
INSERT INTO horarios (id, turma_id, disciplina_id, dia_semana, aula) VALUES (403, 'S07T', 2, 3, 1);
INSERT INTO horarios (id, turma_id, disciplina_id, dia_semana, aula) VALUES (404, 'S07T', 3, 3, 2);
INSERT INTO horarios (id, turma_id, disciplina_id, dia_semana, aula) VALUES (405, 'S07T', 8, 3, 3);
INSERT INTO horarios (id, turma_id, disciplina_id, dia_semana, aula) VALUES (406, 'S07T', 9, 3, 4);
INSERT INTO horarios (id, turma_id, disciplina_id, dia_semana, aula) VALUES (407, 'S07T', 10, 3, 5);
INSERT INTO horarios (id, turma_id, disciplina_id, dia_semana, aula) VALUES (408, 'S07T', 11, 3, 6);
INSERT INTO horarios (id, turma_id, disciplina_id, dia_semana, aula) VALUES (409, 'S07T', 12, 4, 1);
INSERT INTO horarios (id, turma_id, disciplina_id, dia_semana, aula) VALUES (410, 'S07T', 13, 4, 2);
INSERT INTO horarios (id, turma_id, disciplina_id, dia_semana, aula) VALUES (411, 'S07T', 14, 4, 3);
INSERT INTO horarios (id, turma_id, disciplina_id, dia_semana, aula) VALUES (412, 'S07T', 15, 4, 4);
INSERT INTO horarios (id, turma_id, disciplina_id, dia_semana, aula) VALUES (413, 'S07T', 1, 4, 5);
INSERT INTO horarios (id, turma_id, disciplina_id, dia_semana, aula) VALUES (414, 'S07T', 2, 4, 6);
INSERT INTO horarios (id, turma_id, disciplina_id, dia_semana, aula) VALUES (415, 'S07T', 3, 5, 1);
INSERT INTO horarios (id, turma_id, disciplina_id, dia_semana, aula) VALUES (416, 'S07T', 8, 5, 2);
INSERT INTO horarios (id, turma_id, disciplina_id, dia_semana, aula) VALUES (417, 'S07T', 9, 5, 3);
INSERT INTO horarios (id, turma_id, disciplina_id, dia_semana, aula) VALUES (418, 'S07T', 10, 5, 4);
INSERT INTO horarios (id, turma_id, disciplina_id, dia_semana, aula) VALUES (419, 'S07T', 11, 5, 5);
INSERT INTO horarios (id, turma_id, disciplina_id, dia_semana, aula) VALUES (420, 'S07T', 12, 5, 6);
INSERT INTO horarios (id, turma_id, disciplina_id, dia_semana, aula) VALUES (421, 'S08M', 1, 1, 1);
INSERT INTO horarios (id, turma_id, disciplina_id, dia_semana, aula) VALUES (422, 'S08M', 2, 1, 2);
INSERT INTO horarios (id, turma_id, disciplina_id, dia_semana, aula) VALUES (423, 'S08M', 3, 1, 3);
INSERT INTO horarios (id, turma_id, disciplina_id, dia_semana, aula) VALUES (424, 'S08M', 8, 1, 4);
INSERT INTO horarios (id, turma_id, disciplina_id, dia_semana, aula) VALUES (425, 'S08M', 9, 1, 5);
INSERT INTO horarios (id, turma_id, disciplina_id, dia_semana, aula) VALUES (426, 'S08M', 10, 1, 6);
INSERT INTO horarios (id, turma_id, disciplina_id, dia_semana, aula) VALUES (427, 'S08M', 11, 2, 1);
INSERT INTO horarios (id, turma_id, disciplina_id, dia_semana, aula) VALUES (428, 'S08M', 12, 2, 2);
INSERT INTO horarios (id, turma_id, disciplina_id, dia_semana, aula) VALUES (429, 'S08M', 13, 2, 3);
INSERT INTO horarios (id, turma_id, disciplina_id, dia_semana, aula) VALUES (430, 'S08M', 14, 2, 4);
INSERT INTO horarios (id, turma_id, disciplina_id, dia_semana, aula) VALUES (431, 'S08M', 15, 2, 5);
INSERT INTO horarios (id, turma_id, disciplina_id, dia_semana, aula) VALUES (432, 'S08M', 1, 2, 6);
INSERT INTO horarios (id, turma_id, disciplina_id, dia_semana, aula) VALUES (433, 'S08M', 2, 3, 1);
INSERT INTO horarios (id, turma_id, disciplina_id, dia_semana, aula) VALUES (434, 'S08M', 3, 3, 2);
INSERT INTO horarios (id, turma_id, disciplina_id, dia_semana, aula) VALUES (435, 'S08M', 8, 3, 3);
INSERT INTO horarios (id, turma_id, disciplina_id, dia_semana, aula) VALUES (436, 'S08M', 9, 3, 4);
INSERT INTO horarios (id, turma_id, disciplina_id, dia_semana, aula) VALUES (437, 'S08M', 10, 3, 5);
INSERT INTO horarios (id, turma_id, disciplina_id, dia_semana, aula) VALUES (438, 'S08M', 11, 3, 6);
INSERT INTO horarios (id, turma_id, disciplina_id, dia_semana, aula) VALUES (439, 'S08M', 12, 4, 1);
INSERT INTO horarios (id, turma_id, disciplina_id, dia_semana, aula) VALUES (440, 'S08M', 13, 4, 2);
INSERT INTO horarios (id, turma_id, disciplina_id, dia_semana, aula) VALUES (441, 'S08M', 14, 4, 3);
INSERT INTO horarios (id, turma_id, disciplina_id, dia_semana, aula) VALUES (442, 'S08M', 15, 4, 4);
INSERT INTO horarios (id, turma_id, disciplina_id, dia_semana, aula) VALUES (443, 'S08M', 1, 4, 5);
INSERT INTO horarios (id, turma_id, disciplina_id, dia_semana, aula) VALUES (444, 'S08M', 2, 4, 6);
INSERT INTO horarios (id, turma_id, disciplina_id, dia_semana, aula) VALUES (445, 'S08M', 3, 5, 1);
INSERT INTO horarios (id, turma_id, disciplina_id, dia_semana, aula) VALUES (446, 'S08M', 8, 5, 2);
INSERT INTO horarios (id, turma_id, disciplina_id, dia_semana, aula) VALUES (447, 'S08M', 9, 5, 3);
INSERT INTO horarios (id, turma_id, disciplina_id, dia_semana, aula) VALUES (448, 'S08M', 10, 5, 4);
INSERT INTO horarios (id, turma_id, disciplina_id, dia_semana, aula) VALUES (449, 'S08M', 11, 5, 5);
INSERT INTO horarios (id, turma_id, disciplina_id, dia_semana, aula) VALUES (450, 'S08M', 12, 5, 6);
INSERT INTO horarios (id, turma_id, disciplina_id, dia_semana, aula) VALUES (451, 'S08T', 1, 1, 1);
INSERT INTO horarios (id, turma_id, disciplina_id, dia_semana, aula) VALUES (452, 'S08T', 2, 1, 2);
INSERT INTO horarios (id, turma_id, disciplina_id, dia_semana, aula) VALUES (453, 'S08T', 3, 1, 3);
INSERT INTO horarios (id, turma_id, disciplina_id, dia_semana, aula) VALUES (454, 'S08T', 8, 1, 4);
INSERT INTO horarios (id, turma_id, disciplina_id, dia_semana, aula) VALUES (455, 'S08T', 9, 1, 5);
INSERT INTO horarios (id, turma_id, disciplina_id, dia_semana, aula) VALUES (456, 'S08T', 10, 1, 6);
INSERT INTO horarios (id, turma_id, disciplina_id, dia_semana, aula) VALUES (457, 'S08T', 11, 2, 1);
INSERT INTO horarios (id, turma_id, disciplina_id, dia_semana, aula) VALUES (458, 'S08T', 12, 2, 2);
INSERT INTO horarios (id, turma_id, disciplina_id, dia_semana, aula) VALUES (459, 'S08T', 13, 2, 3);
INSERT INTO horarios (id, turma_id, disciplina_id, dia_semana, aula) VALUES (460, 'S08T', 14, 2, 4);
INSERT INTO horarios (id, turma_id, disciplina_id, dia_semana, aula) VALUES (461, 'S08T', 15, 2, 5);
INSERT INTO horarios (id, turma_id, disciplina_id, dia_semana, aula) VALUES (462, 'S08T', 1, 2, 6);
INSERT INTO horarios (id, turma_id, disciplina_id, dia_semana, aula) VALUES (463, 'S08T', 2, 3, 1);
INSERT INTO horarios (id, turma_id, disciplina_id, dia_semana, aula) VALUES (464, 'S08T', 3, 3, 2);
INSERT INTO horarios (id, turma_id, disciplina_id, dia_semana, aula) VALUES (465, 'S08T', 8, 3, 3);
INSERT INTO horarios (id, turma_id, disciplina_id, dia_semana, aula) VALUES (466, 'S08T', 9, 3, 4);
INSERT INTO horarios (id, turma_id, disciplina_id, dia_semana, aula) VALUES (467, 'S08T', 10, 3, 5);
INSERT INTO horarios (id, turma_id, disciplina_id, dia_semana, aula) VALUES (468, 'S08T', 11, 3, 6);
INSERT INTO horarios (id, turma_id, disciplina_id, dia_semana, aula) VALUES (469, 'S08T', 12, 4, 1);
INSERT INTO horarios (id, turma_id, disciplina_id, dia_semana, aula) VALUES (470, 'S08T', 13, 4, 2);
INSERT INTO horarios (id, turma_id, disciplina_id, dia_semana, aula) VALUES (471, 'S08T', 14, 4, 3);
INSERT INTO horarios (id, turma_id, disciplina_id, dia_semana, aula) VALUES (472, 'S08T', 15, 4, 4);
INSERT INTO horarios (id, turma_id, disciplina_id, dia_semana, aula) VALUES (473, 'S08T', 1, 4, 5);
INSERT INTO horarios (id, turma_id, disciplina_id, dia_semana, aula) VALUES (474, 'S08T', 2, 4, 6);
INSERT INTO horarios (id, turma_id, disciplina_id, dia_semana, aula) VALUES (475, 'S08T', 3, 5, 1);
INSERT INTO horarios (id, turma_id, disciplina_id, dia_semana, aula) VALUES (476, 'S08T', 8, 5, 2);
INSERT INTO horarios (id, turma_id, disciplina_id, dia_semana, aula) VALUES (477, 'S08T', 9, 5, 3);
INSERT INTO horarios (id, turma_id, disciplina_id, dia_semana, aula) VALUES (478, 'S08T', 10, 5, 4);
INSERT INTO horarios (id, turma_id, disciplina_id, dia_semana, aula) VALUES (479, 'S08T', 11, 5, 5);
INSERT INTO horarios (id, turma_id, disciplina_id, dia_semana, aula) VALUES (480, 'S08T', 12, 5, 6);
INSERT INTO horarios (id, turma_id, disciplina_id, dia_semana, aula) VALUES (481, 'S09M', 1, 1, 1);
INSERT INTO horarios (id, turma_id, disciplina_id, dia_semana, aula) VALUES (482, 'S09M', 2, 1, 2);
INSERT INTO horarios (id, turma_id, disciplina_id, dia_semana, aula) VALUES (483, 'S09M', 3, 1, 3);
INSERT INTO horarios (id, turma_id, disciplina_id, dia_semana, aula) VALUES (484, 'S09M', 8, 1, 4);
INSERT INTO horarios (id, turma_id, disciplina_id, dia_semana, aula) VALUES (485, 'S09M', 9, 1, 5);
INSERT INTO horarios (id, turma_id, disciplina_id, dia_semana, aula) VALUES (486, 'S09M', 10, 1, 6);
INSERT INTO horarios (id, turma_id, disciplina_id, dia_semana, aula) VALUES (487, 'S09M', 11, 2, 1);
INSERT INTO horarios (id, turma_id, disciplina_id, dia_semana, aula) VALUES (488, 'S09M', 12, 2, 2);
INSERT INTO horarios (id, turma_id, disciplina_id, dia_semana, aula) VALUES (489, 'S09M', 13, 2, 3);
INSERT INTO horarios (id, turma_id, disciplina_id, dia_semana, aula) VALUES (490, 'S09M', 14, 2, 4);
INSERT INTO horarios (id, turma_id, disciplina_id, dia_semana, aula) VALUES (491, 'S09M', 15, 2, 5);
INSERT INTO horarios (id, turma_id, disciplina_id, dia_semana, aula) VALUES (492, 'S09M', 1, 2, 6);
INSERT INTO horarios (id, turma_id, disciplina_id, dia_semana, aula) VALUES (493, 'S09M', 2, 3, 1);
INSERT INTO horarios (id, turma_id, disciplina_id, dia_semana, aula) VALUES (494, 'S09M', 3, 3, 2);
INSERT INTO horarios (id, turma_id, disciplina_id, dia_semana, aula) VALUES (495, 'S09M', 8, 3, 3);
INSERT INTO horarios (id, turma_id, disciplina_id, dia_semana, aula) VALUES (496, 'S09M', 9, 3, 4);
INSERT INTO horarios (id, turma_id, disciplina_id, dia_semana, aula) VALUES (497, 'S09M', 10, 3, 5);
INSERT INTO horarios (id, turma_id, disciplina_id, dia_semana, aula) VALUES (498, 'S09M', 11, 3, 6);
INSERT INTO horarios (id, turma_id, disciplina_id, dia_semana, aula) VALUES (499, 'S09M', 12, 4, 1);
INSERT INTO horarios (id, turma_id, disciplina_id, dia_semana, aula) VALUES (500, 'S09M', 13, 4, 2);
INSERT INTO horarios (id, turma_id, disciplina_id, dia_semana, aula) VALUES (501, 'S09M', 14, 4, 3);
INSERT INTO horarios (id, turma_id, disciplina_id, dia_semana, aula) VALUES (502, 'S09M', 15, 4, 4);
INSERT INTO horarios (id, turma_id, disciplina_id, dia_semana, aula) VALUES (503, 'S09M', 1, 4, 5);
INSERT INTO horarios (id, turma_id, disciplina_id, dia_semana, aula) VALUES (504, 'S09M', 2, 4, 6);
INSERT INTO horarios (id, turma_id, disciplina_id, dia_semana, aula) VALUES (505, 'S09M', 3, 5, 1);
INSERT INTO horarios (id, turma_id, disciplina_id, dia_semana, aula) VALUES (506, 'S09M', 8, 5, 2);
INSERT INTO horarios (id, turma_id, disciplina_id, dia_semana, aula) VALUES (507, 'S09M', 9, 5, 3);
INSERT INTO horarios (id, turma_id, disciplina_id, dia_semana, aula) VALUES (508, 'S09M', 10, 5, 4);
INSERT INTO horarios (id, turma_id, disciplina_id, dia_semana, aula) VALUES (509, 'S09M', 11, 5, 5);
INSERT INTO horarios (id, turma_id, disciplina_id, dia_semana, aula) VALUES (510, 'S09M', 12, 5, 6);
INSERT INTO horarios (id, turma_id, disciplina_id, dia_semana, aula) VALUES (511, 'S09T', 1, 1, 1);
INSERT INTO horarios (id, turma_id, disciplina_id, dia_semana, aula) VALUES (512, 'S09T', 2, 1, 2);
INSERT INTO horarios (id, turma_id, disciplina_id, dia_semana, aula) VALUES (513, 'S09T', 3, 1, 3);
INSERT INTO horarios (id, turma_id, disciplina_id, dia_semana, aula) VALUES (514, 'S09T', 8, 1, 4);
INSERT INTO horarios (id, turma_id, disciplina_id, dia_semana, aula) VALUES (515, 'S09T', 9, 1, 5);
INSERT INTO horarios (id, turma_id, disciplina_id, dia_semana, aula) VALUES (516, 'S09T', 10, 1, 6);
INSERT INTO horarios (id, turma_id, disciplina_id, dia_semana, aula) VALUES (517, 'S09T', 11, 2, 1);
INSERT INTO horarios (id, turma_id, disciplina_id, dia_semana, aula) VALUES (518, 'S09T', 12, 2, 2);
INSERT INTO horarios (id, turma_id, disciplina_id, dia_semana, aula) VALUES (519, 'S09T', 13, 2, 3);
INSERT INTO horarios (id, turma_id, disciplina_id, dia_semana, aula) VALUES (520, 'S09T', 14, 2, 4);
INSERT INTO horarios (id, turma_id, disciplina_id, dia_semana, aula) VALUES (521, 'S09T', 15, 2, 5);
INSERT INTO horarios (id, turma_id, disciplina_id, dia_semana, aula) VALUES (522, 'S09T', 1, 2, 6);
INSERT INTO horarios (id, turma_id, disciplina_id, dia_semana, aula) VALUES (523, 'S09T', 2, 3, 1);
INSERT INTO horarios (id, turma_id, disciplina_id, dia_semana, aula) VALUES (524, 'S09T', 3, 3, 2);
INSERT INTO horarios (id, turma_id, disciplina_id, dia_semana, aula) VALUES (525, 'S09T', 8, 3, 3);
INSERT INTO horarios (id, turma_id, disciplina_id, dia_semana, aula) VALUES (526, 'S09T', 9, 3, 4);
INSERT INTO horarios (id, turma_id, disciplina_id, dia_semana, aula) VALUES (527, 'S09T', 10, 3, 5);
INSERT INTO horarios (id, turma_id, disciplina_id, dia_semana, aula) VALUES (528, 'S09T', 11, 3, 6);
INSERT INTO horarios (id, turma_id, disciplina_id, dia_semana, aula) VALUES (529, 'S09T', 12, 4, 1);
INSERT INTO horarios (id, turma_id, disciplina_id, dia_semana, aula) VALUES (530, 'S09T', 13, 4, 2);
INSERT INTO horarios (id, turma_id, disciplina_id, dia_semana, aula) VALUES (531, 'S09T', 14, 4, 3);
INSERT INTO horarios (id, turma_id, disciplina_id, dia_semana, aula) VALUES (532, 'S09T', 15, 4, 4);
INSERT INTO horarios (id, turma_id, disciplina_id, dia_semana, aula) VALUES (533, 'S09T', 1, 4, 5);
INSERT INTO horarios (id, turma_id, disciplina_id, dia_semana, aula) VALUES (534, 'S09T', 2, 4, 6);
INSERT INTO horarios (id, turma_id, disciplina_id, dia_semana, aula) VALUES (535, 'S09T', 3, 5, 1);
INSERT INTO horarios (id, turma_id, disciplina_id, dia_semana, aula) VALUES (536, 'S09T', 8, 5, 2);
INSERT INTO horarios (id, turma_id, disciplina_id, dia_semana, aula) VALUES (537, 'S09T', 9, 5, 3);
INSERT INTO horarios (id, turma_id, disciplina_id, dia_semana, aula) VALUES (538, 'S09T', 10, 5, 4);
INSERT INTO horarios (id, turma_id, disciplina_id, dia_semana, aula) VALUES (539, 'S09T', 11, 5, 5);
INSERT INTO horarios (id, turma_id, disciplina_id, dia_semana, aula) VALUES (540, 'S09T', 12, 5, 6);
INSERT INTO horarios (id, turma_id, disciplina_id, dia_semana, aula) VALUES (541, 'S10M', 1, 1, 1);
INSERT INTO horarios (id, turma_id, disciplina_id, dia_semana, aula) VALUES (542, 'S10M', 2, 1, 2);
INSERT INTO horarios (id, turma_id, disciplina_id, dia_semana, aula) VALUES (543, 'S10M', 3, 1, 3);
INSERT INTO horarios (id, turma_id, disciplina_id, dia_semana, aula) VALUES (544, 'S10M', 12, 1, 4);
INSERT INTO horarios (id, turma_id, disciplina_id, dia_semana, aula) VALUES (545, 'S10M', 46, 1, 5);
INSERT INTO horarios (id, turma_id, disciplina_id, dia_semana, aula) VALUES (546, 'S10M', 47, 1, 6);
INSERT INTO horarios (id, turma_id, disciplina_id, dia_semana, aula) VALUES (547, 'S10M', 48, 2, 1);
INSERT INTO horarios (id, turma_id, disciplina_id, dia_semana, aula) VALUES (548, 'S10M', 49, 2, 2);
INSERT INTO horarios (id, turma_id, disciplina_id, dia_semana, aula) VALUES (549, 'S10M', 50, 2, 3);
INSERT INTO horarios (id, turma_id, disciplina_id, dia_semana, aula) VALUES (550, 'S10M', 51, 2, 4);
INSERT INTO horarios (id, turma_id, disciplina_id, dia_semana, aula) VALUES (551, 'S10M', 1, 2, 5);
INSERT INTO horarios (id, turma_id, disciplina_id, dia_semana, aula) VALUES (552, 'S10M', 2, 2, 6);
INSERT INTO horarios (id, turma_id, disciplina_id, dia_semana, aula) VALUES (553, 'S10M', 3, 3, 1);
INSERT INTO horarios (id, turma_id, disciplina_id, dia_semana, aula) VALUES (554, 'S10M', 12, 3, 2);
INSERT INTO horarios (id, turma_id, disciplina_id, dia_semana, aula) VALUES (555, 'S10M', 46, 3, 3);
INSERT INTO horarios (id, turma_id, disciplina_id, dia_semana, aula) VALUES (556, 'S10M', 47, 3, 4);
INSERT INTO horarios (id, turma_id, disciplina_id, dia_semana, aula) VALUES (557, 'S10M', 48, 3, 5);
INSERT INTO horarios (id, turma_id, disciplina_id, dia_semana, aula) VALUES (558, 'S10M', 49, 3, 6);
INSERT INTO horarios (id, turma_id, disciplina_id, dia_semana, aula) VALUES (559, 'S10M', 50, 4, 1);
INSERT INTO horarios (id, turma_id, disciplina_id, dia_semana, aula) VALUES (560, 'S10M', 51, 4, 2);
INSERT INTO horarios (id, turma_id, disciplina_id, dia_semana, aula) VALUES (561, 'S10M', 1, 4, 3);
INSERT INTO horarios (id, turma_id, disciplina_id, dia_semana, aula) VALUES (562, 'S10M', 2, 4, 4);
INSERT INTO horarios (id, turma_id, disciplina_id, dia_semana, aula) VALUES (563, 'S10M', 3, 4, 5);
INSERT INTO horarios (id, turma_id, disciplina_id, dia_semana, aula) VALUES (564, 'S10M', 12, 4, 6);
INSERT INTO horarios (id, turma_id, disciplina_id, dia_semana, aula) VALUES (565, 'S10M', 46, 5, 1);
INSERT INTO horarios (id, turma_id, disciplina_id, dia_semana, aula) VALUES (566, 'S10M', 47, 5, 2);
INSERT INTO horarios (id, turma_id, disciplina_id, dia_semana, aula) VALUES (567, 'S10M', 48, 5, 3);
INSERT INTO horarios (id, turma_id, disciplina_id, dia_semana, aula) VALUES (568, 'S10M', 49, 5, 4);
INSERT INTO horarios (id, turma_id, disciplina_id, dia_semana, aula) VALUES (569, 'S10M', 50, 5, 5);
INSERT INTO horarios (id, turma_id, disciplina_id, dia_semana, aula) VALUES (570, 'S10M', 51, 5, 6);
INSERT INTO horarios (id, turma_id, disciplina_id, dia_semana, aula) VALUES (571, 'S10T', 1, 1, 1);
INSERT INTO horarios (id, turma_id, disciplina_id, dia_semana, aula) VALUES (572, 'S10T', 2, 1, 2);
INSERT INTO horarios (id, turma_id, disciplina_id, dia_semana, aula) VALUES (573, 'S10T', 3, 1, 3);
INSERT INTO horarios (id, turma_id, disciplina_id, dia_semana, aula) VALUES (574, 'S10T', 12, 1, 4);
INSERT INTO horarios (id, turma_id, disciplina_id, dia_semana, aula) VALUES (575, 'S10T', 31, 1, 5);
INSERT INTO horarios (id, turma_id, disciplina_id, dia_semana, aula) VALUES (576, 'S10T', 32, 1, 6);
INSERT INTO horarios (id, turma_id, disciplina_id, dia_semana, aula) VALUES (577, 'S10T', 33, 2, 1);
INSERT INTO horarios (id, turma_id, disciplina_id, dia_semana, aula) VALUES (578, 'S10T', 34, 2, 2);
INSERT INTO horarios (id, turma_id, disciplina_id, dia_semana, aula) VALUES (579, 'S10T', 35, 2, 3);
INSERT INTO horarios (id, turma_id, disciplina_id, dia_semana, aula) VALUES (580, 'S10T', 36, 2, 4);
INSERT INTO horarios (id, turma_id, disciplina_id, dia_semana, aula) VALUES (581, 'S10T', 37, 2, 5);
INSERT INTO horarios (id, turma_id, disciplina_id, dia_semana, aula) VALUES (582, 'S10T', 1, 2, 6);
INSERT INTO horarios (id, turma_id, disciplina_id, dia_semana, aula) VALUES (583, 'S10T', 2, 3, 1);
INSERT INTO horarios (id, turma_id, disciplina_id, dia_semana, aula) VALUES (584, 'S10T', 3, 3, 2);
INSERT INTO horarios (id, turma_id, disciplina_id, dia_semana, aula) VALUES (585, 'S10T', 12, 3, 3);
INSERT INTO horarios (id, turma_id, disciplina_id, dia_semana, aula) VALUES (586, 'S10T', 31, 3, 4);
INSERT INTO horarios (id, turma_id, disciplina_id, dia_semana, aula) VALUES (587, 'S10T', 32, 3, 5);
INSERT INTO horarios (id, turma_id, disciplina_id, dia_semana, aula) VALUES (588, 'S10T', 33, 3, 6);
INSERT INTO horarios (id, turma_id, disciplina_id, dia_semana, aula) VALUES (589, 'S10T', 34, 4, 1);
INSERT INTO horarios (id, turma_id, disciplina_id, dia_semana, aula) VALUES (590, 'S10T', 35, 4, 2);
INSERT INTO horarios (id, turma_id, disciplina_id, dia_semana, aula) VALUES (591, 'S10T', 36, 4, 3);
INSERT INTO horarios (id, turma_id, disciplina_id, dia_semana, aula) VALUES (592, 'S10T', 37, 4, 4);
INSERT INTO horarios (id, turma_id, disciplina_id, dia_semana, aula) VALUES (593, 'S10T', 1, 4, 5);
INSERT INTO horarios (id, turma_id, disciplina_id, dia_semana, aula) VALUES (594, 'S10T', 2, 4, 6);
INSERT INTO horarios (id, turma_id, disciplina_id, dia_semana, aula) VALUES (595, 'S10T', 3, 5, 1);
INSERT INTO horarios (id, turma_id, disciplina_id, dia_semana, aula) VALUES (596, 'S10T', 12, 5, 2);
INSERT INTO horarios (id, turma_id, disciplina_id, dia_semana, aula) VALUES (597, 'S10T', 31, 5, 3);
INSERT INTO horarios (id, turma_id, disciplina_id, dia_semana, aula) VALUES (598, 'S10T', 32, 5, 4);
INSERT INTO horarios (id, turma_id, disciplina_id, dia_semana, aula) VALUES (599, 'S10T', 33, 5, 5);
INSERT INTO horarios (id, turma_id, disciplina_id, dia_semana, aula) VALUES (600, 'S10T', 34, 5, 6);
INSERT INTO horarios (id, turma_id, disciplina_id, dia_semana, aula) VALUES (601, 'S11M', 1, 1, 1);
INSERT INTO horarios (id, turma_id, disciplina_id, dia_semana, aula) VALUES (602, 'S11M', 2, 1, 2);
INSERT INTO horarios (id, turma_id, disciplina_id, dia_semana, aula) VALUES (603, 'S11M', 3, 1, 3);
INSERT INTO horarios (id, turma_id, disciplina_id, dia_semana, aula) VALUES (604, 'S11M', 12, 1, 4);
INSERT INTO horarios (id, turma_id, disciplina_id, dia_semana, aula) VALUES (605, 'S11M', 16, 1, 5);
INSERT INTO horarios (id, turma_id, disciplina_id, dia_semana, aula) VALUES (606, 'S11M', 17, 1, 6);
INSERT INTO horarios (id, turma_id, disciplina_id, dia_semana, aula) VALUES (607, 'S11M', 18, 2, 1);
INSERT INTO horarios (id, turma_id, disciplina_id, dia_semana, aula) VALUES (608, 'S11M', 19, 2, 2);
INSERT INTO horarios (id, turma_id, disciplina_id, dia_semana, aula) VALUES (609, 'S11M', 20, 2, 3);
INSERT INTO horarios (id, turma_id, disciplina_id, dia_semana, aula) VALUES (610, 'S11M', 21, 2, 4);
INSERT INTO horarios (id, turma_id, disciplina_id, dia_semana, aula) VALUES (611, 'S11M', 22, 2, 5);
INSERT INTO horarios (id, turma_id, disciplina_id, dia_semana, aula) VALUES (612, 'S11M', 23, 2, 6);
INSERT INTO horarios (id, turma_id, disciplina_id, dia_semana, aula) VALUES (613, 'S11M', 1, 3, 1);
INSERT INTO horarios (id, turma_id, disciplina_id, dia_semana, aula) VALUES (614, 'S11M', 2, 3, 2);
INSERT INTO horarios (id, turma_id, disciplina_id, dia_semana, aula) VALUES (615, 'S11M', 3, 3, 3);
INSERT INTO horarios (id, turma_id, disciplina_id, dia_semana, aula) VALUES (616, 'S11M', 12, 3, 4);
INSERT INTO horarios (id, turma_id, disciplina_id, dia_semana, aula) VALUES (617, 'S11M', 16, 3, 5);
INSERT INTO horarios (id, turma_id, disciplina_id, dia_semana, aula) VALUES (618, 'S11M', 17, 3, 6);
INSERT INTO horarios (id, turma_id, disciplina_id, dia_semana, aula) VALUES (619, 'S11M', 18, 4, 1);
INSERT INTO horarios (id, turma_id, disciplina_id, dia_semana, aula) VALUES (620, 'S11M', 19, 4, 2);
INSERT INTO horarios (id, turma_id, disciplina_id, dia_semana, aula) VALUES (621, 'S11M', 20, 4, 3);
INSERT INTO horarios (id, turma_id, disciplina_id, dia_semana, aula) VALUES (622, 'S11M', 21, 4, 4);
INSERT INTO horarios (id, turma_id, disciplina_id, dia_semana, aula) VALUES (623, 'S11M', 22, 4, 5);
INSERT INTO horarios (id, turma_id, disciplina_id, dia_semana, aula) VALUES (624, 'S11M', 23, 4, 6);
INSERT INTO horarios (id, turma_id, disciplina_id, dia_semana, aula) VALUES (625, 'S11M', 1, 5, 1);
INSERT INTO horarios (id, turma_id, disciplina_id, dia_semana, aula) VALUES (626, 'S11M', 2, 5, 2);
INSERT INTO horarios (id, turma_id, disciplina_id, dia_semana, aula) VALUES (627, 'S11M', 3, 5, 3);
INSERT INTO horarios (id, turma_id, disciplina_id, dia_semana, aula) VALUES (628, 'S11M', 12, 5, 4);
INSERT INTO horarios (id, turma_id, disciplina_id, dia_semana, aula) VALUES (629, 'S11M', 16, 5, 5);
INSERT INTO horarios (id, turma_id, disciplina_id, dia_semana, aula) VALUES (630, 'S11M', 17, 5, 6);
INSERT INTO horarios (id, turma_id, disciplina_id, dia_semana, aula) VALUES (631, 'S11T', 1, 1, 1);
INSERT INTO horarios (id, turma_id, disciplina_id, dia_semana, aula) VALUES (632, 'S11T', 2, 1, 2);
INSERT INTO horarios (id, turma_id, disciplina_id, dia_semana, aula) VALUES (633, 'S11T', 3, 1, 3);
INSERT INTO horarios (id, turma_id, disciplina_id, dia_semana, aula) VALUES (634, 'S11T', 12, 1, 4);
INSERT INTO horarios (id, turma_id, disciplina_id, dia_semana, aula) VALUES (635, 'S11T', 24, 1, 5);
INSERT INTO horarios (id, turma_id, disciplina_id, dia_semana, aula) VALUES (636, 'S11T', 25, 1, 6);
INSERT INTO horarios (id, turma_id, disciplina_id, dia_semana, aula) VALUES (637, 'S11T', 26, 2, 1);
INSERT INTO horarios (id, turma_id, disciplina_id, dia_semana, aula) VALUES (638, 'S11T', 27, 2, 2);
INSERT INTO horarios (id, turma_id, disciplina_id, dia_semana, aula) VALUES (639, 'S11T', 28, 2, 3);
INSERT INTO horarios (id, turma_id, disciplina_id, dia_semana, aula) VALUES (640, 'S11T', 29, 2, 4);
INSERT INTO horarios (id, turma_id, disciplina_id, dia_semana, aula) VALUES (641, 'S11T', 30, 2, 5);
INSERT INTO horarios (id, turma_id, disciplina_id, dia_semana, aula) VALUES (642, 'S11T', 1, 2, 6);
INSERT INTO horarios (id, turma_id, disciplina_id, dia_semana, aula) VALUES (643, 'S11T', 2, 3, 1);
INSERT INTO horarios (id, turma_id, disciplina_id, dia_semana, aula) VALUES (644, 'S11T', 3, 3, 2);
INSERT INTO horarios (id, turma_id, disciplina_id, dia_semana, aula) VALUES (645, 'S11T', 12, 3, 3);
INSERT INTO horarios (id, turma_id, disciplina_id, dia_semana, aula) VALUES (646, 'S11T', 24, 3, 4);
INSERT INTO horarios (id, turma_id, disciplina_id, dia_semana, aula) VALUES (647, 'S11T', 25, 3, 5);
INSERT INTO horarios (id, turma_id, disciplina_id, dia_semana, aula) VALUES (648, 'S11T', 26, 3, 6);
INSERT INTO horarios (id, turma_id, disciplina_id, dia_semana, aula) VALUES (649, 'S11T', 27, 4, 1);
INSERT INTO horarios (id, turma_id, disciplina_id, dia_semana, aula) VALUES (650, 'S11T', 28, 4, 2);
INSERT INTO horarios (id, turma_id, disciplina_id, dia_semana, aula) VALUES (651, 'S11T', 29, 4, 3);
INSERT INTO horarios (id, turma_id, disciplina_id, dia_semana, aula) VALUES (652, 'S11T', 30, 4, 4);
INSERT INTO horarios (id, turma_id, disciplina_id, dia_semana, aula) VALUES (653, 'S11T', 1, 4, 5);
INSERT INTO horarios (id, turma_id, disciplina_id, dia_semana, aula) VALUES (654, 'S11T', 2, 4, 6);
INSERT INTO horarios (id, turma_id, disciplina_id, dia_semana, aula) VALUES (655, 'S11T', 3, 5, 1);
INSERT INTO horarios (id, turma_id, disciplina_id, dia_semana, aula) VALUES (656, 'S11T', 12, 5, 2);
INSERT INTO horarios (id, turma_id, disciplina_id, dia_semana, aula) VALUES (657, 'S11T', 24, 5, 3);
INSERT INTO horarios (id, turma_id, disciplina_id, dia_semana, aula) VALUES (658, 'S11T', 25, 5, 4);
INSERT INTO horarios (id, turma_id, disciplina_id, dia_semana, aula) VALUES (659, 'S11T', 26, 5, 5);
INSERT INTO horarios (id, turma_id, disciplina_id, dia_semana, aula) VALUES (660, 'S11T', 27, 5, 6);
INSERT INTO horarios (id, turma_id, disciplina_id, dia_semana, aula) VALUES (661, 'S12M', 1, 1, 1);
INSERT INTO horarios (id, turma_id, disciplina_id, dia_semana, aula) VALUES (662, 'S12M', 2, 1, 2);
INSERT INTO horarios (id, turma_id, disciplina_id, dia_semana, aula) VALUES (663, 'S12M', 3, 1, 3);
INSERT INTO horarios (id, turma_id, disciplina_id, dia_semana, aula) VALUES (664, 'S12M', 12, 1, 4);
INSERT INTO horarios (id, turma_id, disciplina_id, dia_semana, aula) VALUES (665, 'S12M', 46, 1, 5);
INSERT INTO horarios (id, turma_id, disciplina_id, dia_semana, aula) VALUES (666, 'S12M', 47, 1, 6);
INSERT INTO horarios (id, turma_id, disciplina_id, dia_semana, aula) VALUES (667, 'S12M', 53, 2, 1);
INSERT INTO horarios (id, turma_id, disciplina_id, dia_semana, aula) VALUES (668, 'S12M', 55, 2, 2);
INSERT INTO horarios (id, turma_id, disciplina_id, dia_semana, aula) VALUES (669, 'S12M', 56, 2, 3);
INSERT INTO horarios (id, turma_id, disciplina_id, dia_semana, aula) VALUES (670, 'S12M', 57, 2, 4);
INSERT INTO horarios (id, turma_id, disciplina_id, dia_semana, aula) VALUES (671, 'S12M', 1, 2, 5);
INSERT INTO horarios (id, turma_id, disciplina_id, dia_semana, aula) VALUES (672, 'S12M', 2, 2, 6);
INSERT INTO horarios (id, turma_id, disciplina_id, dia_semana, aula) VALUES (673, 'S12M', 3, 3, 1);
INSERT INTO horarios (id, turma_id, disciplina_id, dia_semana, aula) VALUES (674, 'S12M', 12, 3, 2);
INSERT INTO horarios (id, turma_id, disciplina_id, dia_semana, aula) VALUES (675, 'S12M', 46, 3, 3);
INSERT INTO horarios (id, turma_id, disciplina_id, dia_semana, aula) VALUES (676, 'S12M', 47, 3, 4);
INSERT INTO horarios (id, turma_id, disciplina_id, dia_semana, aula) VALUES (677, 'S12M', 53, 3, 5);
INSERT INTO horarios (id, turma_id, disciplina_id, dia_semana, aula) VALUES (678, 'S12M', 55, 3, 6);
INSERT INTO horarios (id, turma_id, disciplina_id, dia_semana, aula) VALUES (679, 'S12M', 56, 4, 1);
INSERT INTO horarios (id, turma_id, disciplina_id, dia_semana, aula) VALUES (680, 'S12M', 57, 4, 2);
INSERT INTO horarios (id, turma_id, disciplina_id, dia_semana, aula) VALUES (681, 'S12M', 1, 4, 3);
INSERT INTO horarios (id, turma_id, disciplina_id, dia_semana, aula) VALUES (682, 'S12M', 2, 4, 4);
INSERT INTO horarios (id, turma_id, disciplina_id, dia_semana, aula) VALUES (683, 'S12M', 3, 4, 5);
INSERT INTO horarios (id, turma_id, disciplina_id, dia_semana, aula) VALUES (684, 'S12M', 12, 4, 6);
INSERT INTO horarios (id, turma_id, disciplina_id, dia_semana, aula) VALUES (685, 'S12M', 46, 5, 1);
INSERT INTO horarios (id, turma_id, disciplina_id, dia_semana, aula) VALUES (686, 'S12M', 47, 5, 2);
INSERT INTO horarios (id, turma_id, disciplina_id, dia_semana, aula) VALUES (687, 'S12M', 53, 5, 3);
INSERT INTO horarios (id, turma_id, disciplina_id, dia_semana, aula) VALUES (688, 'S12M', 55, 5, 4);
INSERT INTO horarios (id, turma_id, disciplina_id, dia_semana, aula) VALUES (689, 'S12M', 56, 5, 5);
INSERT INTO horarios (id, turma_id, disciplina_id, dia_semana, aula) VALUES (690, 'S12M', 57, 5, 6);
INSERT INTO horarios (id, turma_id, disciplina_id, dia_semana, aula) VALUES (691, 'S12T', 44, 1, 1);
INSERT INTO horarios (id, turma_id, disciplina_id, dia_semana, aula) VALUES (692, 'S12T', 45, 1, 2);
INSERT INTO horarios (id, turma_id, disciplina_id, dia_semana, aula) VALUES (693, 'S12T', 44, 1, 3);
INSERT INTO horarios (id, turma_id, disciplina_id, dia_semana, aula) VALUES (694, 'S12T', 45, 1, 4);
INSERT INTO horarios (id, turma_id, disciplina_id, dia_semana, aula) VALUES (695, 'S12T', 44, 1, 5);
INSERT INTO horarios (id, turma_id, disciplina_id, dia_semana, aula) VALUES (696, 'S12T', 45, 1, 6);
INSERT INTO horarios (id, turma_id, disciplina_id, dia_semana, aula) VALUES (697, 'S12T', 44, 2, 1);
INSERT INTO horarios (id, turma_id, disciplina_id, dia_semana, aula) VALUES (698, 'S12T', 45, 2, 2);
INSERT INTO horarios (id, turma_id, disciplina_id, dia_semana, aula) VALUES (699, 'S12T', 44, 2, 3);
INSERT INTO horarios (id, turma_id, disciplina_id, dia_semana, aula) VALUES (700, 'S12T', 45, 2, 4);
INSERT INTO horarios (id, turma_id, disciplina_id, dia_semana, aula) VALUES (701, 'S12T', 44, 2, 5);
INSERT INTO horarios (id, turma_id, disciplina_id, dia_semana, aula) VALUES (702, 'S12T', 45, 2, 6);
INSERT INTO horarios (id, turma_id, disciplina_id, dia_semana, aula) VALUES (703, 'S12T', 44, 3, 1);
INSERT INTO horarios (id, turma_id, disciplina_id, dia_semana, aula) VALUES (704, 'S12T', 45, 3, 2);
INSERT INTO horarios (id, turma_id, disciplina_id, dia_semana, aula) VALUES (705, 'S12T', 44, 3, 3);
INSERT INTO horarios (id, turma_id, disciplina_id, dia_semana, aula) VALUES (706, 'S12T', 45, 3, 4);
INSERT INTO horarios (id, turma_id, disciplina_id, dia_semana, aula) VALUES (707, 'S12T', 44, 3, 5);
INSERT INTO horarios (id, turma_id, disciplina_id, dia_semana, aula) VALUES (708, 'S12T', 45, 3, 6);
INSERT INTO horarios (id, turma_id, disciplina_id, dia_semana, aula) VALUES (709, 'S12T', 44, 4, 1);
INSERT INTO horarios (id, turma_id, disciplina_id, dia_semana, aula) VALUES (710, 'S12T', 45, 4, 2);
INSERT INTO horarios (id, turma_id, disciplina_id, dia_semana, aula) VALUES (711, 'S12T', 44, 4, 3);
INSERT INTO horarios (id, turma_id, disciplina_id, dia_semana, aula) VALUES (712, 'S12T', 45, 4, 4);
INSERT INTO horarios (id, turma_id, disciplina_id, dia_semana, aula) VALUES (713, 'S12T', 44, 4, 5);
INSERT INTO horarios (id, turma_id, disciplina_id, dia_semana, aula) VALUES (714, 'S12T', 45, 4, 6);
INSERT INTO horarios (id, turma_id, disciplina_id, dia_semana, aula) VALUES (715, 'S12T', 44, 5, 1);
INSERT INTO horarios (id, turma_id, disciplina_id, dia_semana, aula) VALUES (716, 'S12T', 45, 5, 2);
INSERT INTO horarios (id, turma_id, disciplina_id, dia_semana, aula) VALUES (717, 'S12T', 44, 5, 3);
INSERT INTO horarios (id, turma_id, disciplina_id, dia_semana, aula) VALUES (718, 'S12T', 45, 5, 4);
INSERT INTO horarios (id, turma_id, disciplina_id, dia_semana, aula) VALUES (719, 'S12T', 44, 5, 5);
INSERT INTO horarios (id, turma_id, disciplina_id, dia_semana, aula) VALUES (720, 'S12T', 45, 5, 6);
